-- phpMyAdmin SQL Dump
-- version 3.5.1
-- http://www.phpmyadmin.net
--
-- Хост: 127.0.0.1
-- Время создания: Июн 07 2015 г., 19:32
-- Версия сервера: 5.5.25
-- Версия PHP: 5.3.13

SET SQL_MODE="NO_AUTO_VALUE_ON_ZERO";
SET time_zone = "+00:00";


/*!40101 SET @OLD_CHARACTER_SET_CLIENT=@@CHARACTER_SET_CLIENT */;
/*!40101 SET @OLD_CHARACTER_SET_RESULTS=@@CHARACTER_SET_RESULTS */;
/*!40101 SET @OLD_COLLATION_CONNECTION=@@COLLATION_CONNECTION */;
/*!40101 SET NAMES utf8 */;

--
-- База данных: `badm_db`
--

-- --------------------------------------------------------

--
-- Структура таблицы `articles`
--

CREATE TABLE IF NOT EXISTS `articles` (
  `article_id` int(11) NOT NULL AUTO_INCREMENT,
  `article_title` text COLLATE cp1251_general_cs NOT NULL,
  `article_prev` text COLLATE cp1251_general_cs NOT NULL,
  `article_text` text COLLATE cp1251_general_cs NOT NULL,
  `article_type` enum('a','n') COLLATE cp1251_general_cs NOT NULL,
  `user_id` int(10) NOT NULL,
  `article_date` varchar(100) COLLATE cp1251_general_cs NOT NULL,
  PRIMARY KEY (`article_id`),
  KEY `user_id` (`user_id`)
) ENGINE=InnoDB  DEFAULT CHARSET=cp1251 COLLATE=cp1251_general_cs AUTO_INCREMENT=23 ;

--
-- Дамп данных таблицы `articles`
--

INSERT INTO `articles` (`article_id`, `article_title`, `article_prev`, `article_text`, `article_type`, `user_id`, `article_date`) VALUES
(6, '&rarr; РҐР°СЂСЊРєРѕРІС‡Р°РЅРµ Р·Р°РЅСЏР»Рё С‡РµС‚РІРµСЂС‚РѕРµ РјРµСЃС‚Рѕ РЅР° РєРѕРјР°РЅРґРЅРѕРј Р§РµРјРїРёРѕРЅР°С‚Рµ РЈРєСЂР°РёРЅС‹', 'РЎ 1 РїРѕ 4 РёСЋРЅСЏ РІ РћРґРµСЃСЃРµ РїСЂРѕС…РѕРґРёР» РєРѕРјР°РЅРґРЅС‹Р№ Р§РµРјРїРёРѕРЅР°С‚ РЈРєСЂР°РёРЅС‹ РїРѕ Р±Р°РґРјРёРЅС‚РѕРЅСѓ СЃСЂРµРґРё РґРµРІСѓС€РµРє Рё СЋРЅРѕС€РµР№ 2003 Рі.СЂ. РЎРѕСЂРµРІРЅРѕРІР°РЅРёСЏ РїСЂРѕРІРѕРґРёР»РёСЃСЊ СЃСЂРµРґРё СЃРјРµС€Р°РЅРЅС‹С… РєРѕРјР°РЅРґ Рё СѓС‡Р°СЃС‚РІРѕРІР°Р»Рё РІ РЅРёС… 103 СЃРїРѕСЂС‚СЃРјРµРЅР° РІ СЃРѕСЃС‚Р°РІРµ 18 РєРѕРјР°РЅРґ РёР· 8 РѕР±Р»Р°СЃС‚РµР№ РЈРєСЂР°РёРЅС‹. РҐР°СЂСЊРєРѕРІСЃРєСѓСЋ РѕР±Р»Р°СЃС‚СЊ РїСЂРµРґСЃС‚Р°РІР»СЏР»Рё 16 СЋРЅС‹С… СЃРїРѕСЂС‚СЃРјРµРЅРѕРІ РІ СЃРѕСЃС‚Р°РІРµ С‚СЂРµС… РєРѕРјР°РЅРґ.\r\n\r\nРљРѕРјР°РЅРґР° В«РҐР°СЂСЊРєРѕРІ-1В», РІ СЃРѕСЃС‚Р°РІ РєРѕС‚РѕСЂРѕР№ РІС…РѕРґРёР»Рё РђРЅРґСЂРµР№ РњРёСЂРіРѕСЂРѕРґСЃРєРёР№, Р’РёС‚Р°Р»РёР№ Р РµРІР°, РђР»РµРєСЃРµР№ РўРёС‚РѕРІ, РњР°СЂРёСЏ РЎС‚РѕР»СЏСЂРµРЅРєРѕ, РЇРЅР° РЎРѕР±РєРѕ Рё РџРѕР»РёРЅР° Р‘СѓРіСЂРѕРІР° Р·Р°РЅСЏР»Р° 4-РѕРµ РјРµСЃС‚Рѕ. РљРѕРјР°РЅРґР° В«РҐР°СЂСЊРєРѕРІ-2В» Р·Р°РЅСЏР»Р° 6-РѕРµ РјРµСЃС‚Рѕ, В«РҐР°СЂСЊРєРѕРІ-3В» - 8-РѕРµ.\r\n\r\nРџРѕР±РµРґРёС‚РµР»СЊРЅРёС†РµР№ СЃС‚Р°Р»Р° РєРѕРјР°РЅРґР° В«РћРґРµСЃСЃР°-1В», РєРѕРјР°РЅРґР° В«РќРёРєРѕР»Р°РµРІ-1В» Р·Р°РЅСЏР»Р° РІС‚РѕСЂРѕРµ РјРµСЃС‚Рѕ, В«Р”РЅРµРїСЂРѕРїРµС‚СЂРѕРІСЃРєВ» - С‚СЂРµС‚СЊРµ.', 'РЎ 1 РїРѕ 4 РёСЋРЅСЏ РІ РћРґРµСЃСЃРµ РїСЂРѕС…РѕРґРёР» РєРѕРјР°РЅРґРЅС‹Р№ Р§РµРјРїРёРѕРЅР°С‚ РЈРєСЂР°РёРЅС‹ РїРѕ Р±Р°РґРјРёРЅС‚РѕРЅСѓ СЃСЂРµРґРё РґРµРІСѓС€РµРє Рё СЋРЅРѕС€РµР№ 2003 Рі.СЂ. РЎРѕСЂРµРІРЅРѕРІР°РЅРёСЏ РїСЂРѕРІРѕРґРёР»РёСЃСЊ СЃСЂРµРґРё СЃРјРµС€Р°РЅРЅС‹С… РєРѕРјР°РЅРґ Рё СѓС‡Р°СЃС‚РІРѕРІР°Р»Рё РІ РЅРёС… 103 СЃРїРѕСЂС‚СЃРјРµРЅР° РІ СЃРѕСЃС‚Р°РІРµ 18 РєРѕРјР°РЅРґ РёР· 8 РѕР±Р»Р°СЃС‚РµР№ РЈРєСЂР°РёРЅС‹. РҐР°СЂСЊРєРѕРІСЃРєСѓСЋ РѕР±Р»Р°СЃС‚СЊ РїСЂРµРґСЃС‚Р°РІР»СЏР»Рё 16 СЋРЅС‹С… СЃРїРѕСЂС‚СЃРјРµРЅРѕРІ РІ СЃРѕСЃС‚Р°РІРµ С‚СЂРµС… РєРѕРјР°РЅРґ.\r\n\r\nРљРѕРјР°РЅРґР° В«РҐР°СЂСЊРєРѕРІ-1В», РІ СЃРѕСЃС‚Р°РІ РєРѕС‚РѕСЂРѕР№ РІС…РѕРґРёР»Рё РђРЅРґСЂРµР№ РњРёСЂРіРѕСЂРѕРґСЃРєРёР№, Р’РёС‚Р°Р»РёР№ Р РµРІР°, РђР»РµРєСЃРµР№ РўРёС‚РѕРІ, РњР°СЂРёСЏ РЎС‚РѕР»СЏСЂРµРЅРєРѕ, РЇРЅР° РЎРѕР±РєРѕ Рё РџРѕР»РёРЅР° Р‘СѓРіСЂРѕРІР° Р·Р°РЅСЏР»Р° 4-РѕРµ РјРµСЃС‚Рѕ. РљРѕРјР°РЅРґР° В«РҐР°СЂСЊРєРѕРІ-2В» Р·Р°РЅСЏР»Р° 6-РѕРµ РјРµСЃС‚Рѕ, В«РҐР°СЂСЊРєРѕРІ-3В» - 8-РѕРµ.\r\n\r\nРџРѕР±РµРґРёС‚РµР»СЊРЅРёС†РµР№ СЃС‚Р°Р»Р° РєРѕРјР°РЅРґР° В«РћРґРµСЃСЃР°-1В», РєРѕРјР°РЅРґР° В«РќРёРєРѕР»Р°РµРІ-1В» Р·Р°РЅСЏР»Р° РІС‚РѕСЂРѕРµ РјРµСЃС‚Рѕ, В«Р”РЅРµРїСЂРѕРїРµС‚СЂРѕРІСЃРєВ» - С‚СЂРµС‚СЊРµ.', 'n', 1, '04:50 07.06.15'),
(7, '&rarr;РҐР°СЂСЊРєРѕРІС‡Р°РЅРµ РІС‹С€Р»Рё РІ С‡РµС‚РІРµСЂС‚СЊС„РёРЅР°Р» СЌС‚Р°РїР° РљСѓР±РєР° Р•РІСЂРѕРїС‹ РІ Р?СЃРїР°РЅРёРё', 'C 21 РїРѕ 24 РјР°СЏ РІ РњР°РґСЂРёРґРµ (Р?СЃРїР°РЅРёСЏ) РїСЂРѕС…РѕРґРёР» СЌС‚Р°Рї РљСѓР±РєР° Р•РІСЂРѕРїС‹ РїРѕ Р±Р°РґРјРёРЅС‚РѕРЅСѓ СѓСЂРѕРІРЅСЏ International Challenge СЃ РїСЂРёР·РѕРІС‹Рј С„РѕРЅРґРѕРј 15 С‚С‹СЃ. РґРѕР». РҐР°СЂСЊРєРѕРІ Рё РЈРєСЂР°РёРЅСѓ РЅР° С‚СѓСЂРЅРёСЂРµ РїСЂРµРґСЃС‚Р°РІР»СЏР»Рё Р’Р°Р»РµСЂРёР№ РђС‚СЂР°С‰РµРЅРєРѕРІ, Р”РјРёС‚СЂРёР№ Р—Р°РІР°РґСЃРєРёР№ Рё РђСЂС‚РµРј РџРѕС‡С‚Р°СЂРµРІ. Р—Р°РІР°РґСЃРєРёР№ Рё РџРѕС‡С‚Р°СЂРµРІ РІРѕС€Р»Рё РІ РІРѕСЃСЊРјРµСЂРєСѓ РІ РјСѓР¶СЃРєРѕР№ РѕРґРёРЅРѕС‡РЅРѕР№ РєР°С‚РµРіРѕСЂРёРё.\r\n\r\nР”РјРёС‚СЂРёР№ Р—Р°РІР°РґСЃРєРёР№ (70-Р№ РІ РјРёСЂРѕРІРѕРј СЂРµР№С‚РёРЅРіРµ) РІ 1/16 С„РёРЅР°Р»Р° РѕР±С‹РіСЂР°Р» С„РёРЅСЃРєРѕРіРѕ СЃРїРѕСЂС‚СЃРјРµРЅР° Р­С‚Сѓ РҐР°Р№РЅРѕ (71-Р№): 12-21, 21-19, 21-18, РІ 1/8 С„РёРЅР°Р»Р° РІС‹Р±РёР» РёР· Р±РѕСЂСЊР±С‹ С€РІРµРґР° РҐРµРЅСЂРё РҐСѓСЂСЃРєР°Р№РЅРµРЅР° (68-Р№): 21-10, 21-15.', 'C 21 РїРѕ 24 РјР°СЏ РІ РњР°РґСЂРёРґРµ (Р?СЃРїР°РЅРёСЏ) РїСЂРѕС…РѕРґРёР» СЌС‚Р°Рї РљСѓР±РєР° Р•РІСЂРѕРїС‹ РїРѕ Р±Р°РґРјРёРЅС‚РѕРЅСѓ СѓСЂРѕРІРЅСЏ International Challenge СЃ РїСЂРёР·РѕРІС‹Рј С„РѕРЅРґРѕРј 15 С‚С‹СЃ. РґРѕР». РҐР°СЂСЊРєРѕРІ Рё РЈРєСЂР°РёРЅСѓ РЅР° С‚СѓСЂРЅРёСЂРµ РїСЂРµРґСЃС‚Р°РІР»СЏР»Рё Р’Р°Р»РµСЂРёР№ РђС‚СЂР°С‰РµРЅРєРѕРІ, Р”РјРёС‚СЂРёР№ Р—Р°РІР°РґСЃРєРёР№ Рё РђСЂС‚РµРј РџРѕС‡С‚Р°СЂРµРІ. Р—Р°РІР°РґСЃРєРёР№ Рё РџРѕС‡С‚Р°СЂРµРІ РІРѕС€Р»Рё РІ РІРѕСЃСЊРјРµСЂРєСѓ РІ РјСѓР¶СЃРєРѕР№ РѕРґРёРЅРѕС‡РЅРѕР№ РєР°С‚РµРіРѕСЂРёРё.\r\n\r\nР”РјРёС‚СЂРёР№ Р—Р°РІР°РґСЃРєРёР№ (70-Р№ РІ РјРёСЂРѕРІРѕРј СЂРµР№С‚РёРЅРіРµ) РІ 1/16 С„РёРЅР°Р»Р° РѕР±С‹РіСЂР°Р» С„РёРЅСЃРєРѕРіРѕ СЃРїРѕСЂС‚СЃРјРµРЅР° Р­С‚Сѓ РҐР°Р№РЅРѕ (71-Р№): 12-21, 21-19, 21-18, РІ 1/8 С„РёРЅР°Р»Р° РІС‹Р±РёР» РёР· Р±РѕСЂСЊР±С‹ С€РІРµРґР° РҐРµРЅСЂРё РҐСѓСЂСЃРєР°Р№РЅРµРЅР° (68-Р№): 21-10, 21-15. Р’ С‡РµС‚РІРµСЂС‚СЊС„РёРЅР°Р»Рµ Р”РјРёС‚СЂРёР№ РІСЃС‚СЂРµС‡Р°Р»СЃСЏ СЃ РЅРµРјС†РµРј Р”РёС‚РµСЂРѕРј Р”РѕРјРєРµ (75-Р№), РєРѕС‚РѕСЂС‹Р№ РЅР°РєР°РЅСѓРЅРµ РѕРіРѕСЂС‡РёР» РїРµСЂРІРѕРіРѕ СЃРµСЏРЅРЅРѕРіРѕ РґР°С‚С‡Р°РЅРёРЅР° Р™РѕР°С…РёРјР° РџРµСЂСЃСЃРѕРЅР°. Рљ СЃРѕР¶Р°Р»РµРЅРёСЋ, СѓРєСЂР°РёРЅРµС† РЅРµ СЃРјРѕРі РѕРєР°Р·Р°С‚СЊ СЃРµСЂСЊРµР·РЅРѕРіРѕ СЃРѕРїСЂРѕС‚РёРІР»РµРЅРёСЏ Рё РїСЂРѕРёРіСЂР°Р» 7-21, 16-21.\r\n\r\nРђСЂС‚РµРј РџРѕС‡С‚Р°СЂРµРІ (85-Р№) РІ РїРµСЂРІРѕРј СЂР°СѓРЅРґРµ СЃРѕСЂРµРІРЅРѕРІР°РЅРёР№ РѕР±С‹РіСЂР°Р» С‚СЂРµС‚СЊРµРіРѕ СЃРµСЏРЅРЅРѕРіРѕ СЃРїРѕСЂС‚СЃРјРµРЅР° РёР· Р“РІР°С‚РµРјР°Р»С‹ РљРµРІРёРЅР° РљРѕСЂРґРѕРЅР°, Р·Р°РЅРёРјР°СЋС‰РµРіРѕ 61-СЋ РїРѕР·РёС†РёСЋ РІ РјРёСЂРѕРІРѕРј СЂРµР№С‚РёРЅРіРµ РІ РЅР°СЃС‚РѕСЏС‰РµРµ РІСЂРµРјСЏ, РїСЂРё СЌС‚РѕРј РІ СЃРІРѕРµ РІСЂРµРјСЏ РѕРЅ Р±С‹Р» 24-Рј: 9-21, 26-24, 21-16. Р’ 1/8 С„РёРЅР°Р»Р° РђСЂС‚РµРј РІС‹РёРіСЂР°Р» Сѓ РґР°С‚С‡Р°РЅРёРЅР° РљСЂРёСЃС‚РёР°РЅР° Р›РёРЅРґ РўРѕРјСЃРѕРЅР° (92-Р№): 17-21, 21-11, 21-13, Р° РІРѕС‚ РїСЂРѕР№С‚Рё РІС‚РѕСЂРѕР№ РґР°С‚СЃРєРёР№ СЂРµРґСѓС‚ вЂ“ Р Р°СЃРјСѓСЃР° Р¤Р»Р°РґР±РµСЂРіР° (58-Р№) вЂ“ СѓРєСЂР°РёРЅС†Сѓ РЅРµ СѓРґР°Р»РѕСЃСЊ: 10-21, 21-14, 16-21.\r\n\r\nР’Р°Р»РµСЂРёР№ РђС‚СЂР°С‰РµРЅРєРѕРІ (107-Р№) РїСЂРѕРёРіСЂР°Р» РІРѕ РІС‚РѕСЂРѕРј РєСЂСѓРіРµ РєРІР°Р»РёС„РёРєР°С†РёРё.\r\n\r\nРџРѕР·РґСЂР°РІР»СЏРµРј Р”РјРёС‚СЂРёСЏ Р—Р°РІР°РґСЃРєРѕРіРѕ Рё РђСЂС‚РµРјР° РџРѕС‡С‚Р°СЂРµРІР° СЃ РґРѕСЃС‚РѕР№РЅС‹Рј РІС‹СЃС‚СѓРїР»РµРЅРёРµРј!', 'n', 1, '04:52 07.06.15'),
(8, '&rarr;РҐР°СЂСЊРєРѕРІС‡Р°РЅРµ вЂ“ С‡РµРјРїРёРѕРЅС‹ РїРµСЂРІРѕР№ Р»РёРіРё', 'РЎ 19 РїРѕ 22 РјР°СЏ РІ Рі. Р’РёРЅРЅРёС†Рµ РїСЂРѕС€Р»Рё СЃРѕСЂРµРІРЅРѕРІР°РЅРёСЏ РїРµСЂРІРѕР№ Р»РёРіРё РєР»СѓР±РЅРѕРіРѕ Р§РµРјРїРёРѕРЅР°С‚Р° РЈРєСЂР°РёРЅС‹ РїРѕ Р±Р°РґРјРёРЅС‚РѕРЅСѓ. Р’ СЃРѕСЂРµРІРЅРѕРІР°РЅРёСЏС… РїСЂРёРЅСЏР»Рё СѓС‡Р°СЃС‚РёРµ 12 РєРѕРјР°РЅРґ РёР· 7 СЂРµРіРёРѕРЅРѕРІ РЈРєСЂР°РёРЅС‹ (Р’РёРЅРЅРёС†РєР°СЏ, Р”РЅРµРїСЂРѕРїРµС‚СЂРѕРІСЃРєР°СЏ, Р–РёС‚РѕРјРёСЂСЃРєР°СЏ, РќРёРєРѕР»Р°РµРІСЃРєР°СЏ, РћРґРµСЃСЃРєР°СЏ, РҐР°СЂСЊРєРѕРІСЃРєР°СЏ РѕР±Р»Р°СЃС‚Рё Рё Рі. РљРёРµРІ). РҐР°СЂСЊРєРѕРІ Р±С‹Р» РїСЂРµРґСЃС‚Р°РІР»РµРЅ РґРІСѓРјСЏ РєРѕРјР°РЅРґР°РјРё: РєРѕРјР°РЅРґРѕР№ РҐР°СЂСЊРєРѕРІСЃРєРѕРіРѕ СЃРїРѕСЂС‚РёРІРЅРѕРіРѕ Р±Р°РґРјРёРЅС‚РѕРЅРЅРѕРіРѕ РєР»СѓР±Р° Рё РҐРћР’РЈР¤РљРЎ-РЁР’РЎРњ. РљРѕРјР°РЅРґР° РҐР°СЂСЊРєРѕРІСЃРєРѕРіРѕ СЃРїРѕСЂС‚РёРІРЅРѕРіРѕ Р±Р°РґРјРёРЅС‚РѕРЅРЅРѕРіРѕ РєР»СѓР±Р° Р·Р°РІРѕРµРІР°Р»Р° Р·РІР°РЅРёРµ С‡РµРјРїРёРѕРЅР° РїРµСЂРІРѕР№ Р»РёРіРё.', 'РЎ 19 РїРѕ 22 РјР°СЏ РІ Рі. Р’РёРЅРЅРёС†Рµ РїСЂРѕС€Р»Рё СЃРѕСЂРµРІРЅРѕРІР°РЅРёСЏ РїРµСЂРІРѕР№ Р»РёРіРё РєР»СѓР±РЅРѕРіРѕ Р§РµРјРїРёРѕРЅР°С‚Р° РЈРєСЂР°РёРЅС‹ РїРѕ Р±Р°РґРјРёРЅС‚РѕРЅСѓ. Р’ СЃРѕСЂРµРІРЅРѕРІР°РЅРёСЏС… РїСЂРёРЅСЏР»Рё СѓС‡Р°СЃС‚РёРµ 12 РєРѕРјР°РЅРґ РёР· 7 СЂРµРіРёРѕРЅРѕРІ РЈРєСЂР°РёРЅС‹ (Р’РёРЅРЅРёС†РєР°СЏ, Р”РЅРµРїСЂРѕРїРµС‚СЂРѕРІСЃРєР°СЏ, Р–РёС‚РѕРјРёСЂСЃРєР°СЏ, РќРёРєРѕР»Р°РµРІСЃРєР°СЏ, РћРґРµСЃСЃРєР°СЏ, РҐР°СЂСЊРєРѕРІСЃРєР°СЏ РѕР±Р»Р°СЃС‚Рё Рё Рі. РљРёРµРІ). РҐР°СЂСЊРєРѕРІ Р±С‹Р» РїСЂРµРґСЃС‚Р°РІР»РµРЅ РґРІСѓРјСЏ РєРѕРјР°РЅРґР°РјРё: РєРѕРјР°РЅРґРѕР№ РҐР°СЂСЊРєРѕРІСЃРєРѕРіРѕ СЃРїРѕСЂС‚РёРІРЅРѕРіРѕ Р±Р°РґРјРёРЅС‚РѕРЅРЅРѕРіРѕ РєР»СѓР±Р° Рё РҐРћР’РЈР¤РљРЎ-РЁР’РЎРњ. РљРѕРјР°РЅРґР° РҐР°СЂСЊРєРѕРІСЃРєРѕРіРѕ СЃРїРѕСЂС‚РёРІРЅРѕРіРѕ Р±Р°РґРјРёРЅС‚РѕРЅРЅРѕРіРѕ РєР»СѓР±Р° Р·Р°РІРѕРµРІР°Р»Р° Р·РІР°РЅРёРµ С‡РµРјРїРёРѕРЅР° РїРµСЂРІРѕР№ Р»РёРіРё.\r\n\r\nР’ СЃРѕСЃС‚Р°РІРµ РєРѕРјР°РЅРґС‹-С‡РµРјРїРёРѕРЅР° РІС‹СЃС‚СѓРїР°Р»Рё: РўСЂРµРіСѓР±РµРЅРєРѕ Р’Р»Р°РґРёСЃР»Р°РІ, РЎС‚РµСЂРёРЅ Р’Р»Р°РґРёСЃР»Р°РІ, РџРѕР·РґРЅСЏРєРѕРІ Р•РІРіРµРЅРёР№, Р?Р»СЊРёРЅСЃРєР°СЏ РњР°СЂРёРЅР°, РњРёС…Р°Р»СЊРєРѕРІР° РђРЅРЅР° Рё Р“СЂРёРЅРµРЅРєРѕ Р”Р°РЅР°.\r\n\r\nР’С‚РѕСЂРѕРµ РјРµСЃС‚Рѕ Р·Р°РЅСЏР»Р° РєРѕРјР°РЅРґР° Рі. РљРёРµРІР°, С‚СЂРµС‚СЊРµ вЂ“ РєРѕРјР°РЅРґР° РќРёРєРѕР»Р°РµРІСЃРєРѕР№ РѕР±Р»Р°СЃС‚Рё, РєРѕРјР°РЅРґР° РҐРћР’РЈР¤РљРЎ-РЁР’РЎРњ СЃС‚Р°Р»Р° С‡РµС‚РІРµСЂС‚РѕР№.\r\n\r\nРџРѕР·РґСЂР°РІР»СЏРµРј РёРіСЂРѕРєРѕРІ Рё С‚СЂРµРЅРµСЂРѕРІ СЃ СѓСЃРїРµС€РЅС‹Рј РІС‹СЃС‚СѓРїР»РµРЅРёРµРј!', 'n', 1, '04:53 07.06.15'),
(9, '&rarr;РљРѕРјР°РЅРґР° РќРўРЈ В«РҐРџР?В» вЂ“ РїРѕР±РµРґРёС‚РµР»СЊРЅРёС†Р° РҐII Р»РµС‚РЅРµР№ СѓРЅРёРІРµСЂСЃРёР°РґС‹ РЈРєСЂР°РёРЅС‹', 'РЎ 22 РїРѕ 26 Р°РїСЂРµР»СЏ РІ РљРёРµРІРµ РїСЂРѕС€Р»Рё СЃРѕСЂРµРІРЅРѕРІР°РЅРёСЏ РїРѕ Р±Р°РґРјРёРЅС‚РѕРЅСѓ РІ СЂР°РјРєР°С… РҐII Р»РµС‚РЅРµР№ СѓРЅРёРІРµСЂСЃРёР°РґС‹ РЈРєСЂР°РёРЅС‹. РҐР°СЂСЊРєРѕРІ Р±С‹Р» РїСЂРµРґСЃС‚Р°РІР»РµРЅ РєРѕРјР°РЅРґР°РјРё РґРІСѓС… РІСѓР·РѕРІ: РќР°С†РёРѕРЅР°Р»СЊРЅРѕРіРѕ С‚РµС…РЅРёС‡РµСЃРєРѕРіРѕ СѓРЅРёРІРµСЂСЃРёС‚РµС‚Р° В«РҐР°СЂСЊРєРѕРІСЃРєРёР№ РїРѕР»РёС‚РµС…РЅРёС‡РµСЃРєРёР№ РёРЅСЃС‚РёС‚СѓС‚В» Рё РҐР°СЂСЊРєРѕРІСЃРєРѕР№ РіРѕСЃСѓРґР°СЂСЃС‚РІРµРЅРЅРѕР№ Р°РєР°РґРµРјРёРµР№ С„РёР·РёС‡РµСЃРєРѕР№ РєСѓР»СЊС‚СѓСЂС‹.\r\n\r\n', 'РЎ 22 РїРѕ 26 Р°РїСЂРµР»СЏ РІ РљРёРµРІРµ РїСЂРѕС€Р»Рё СЃРѕСЂРµРІРЅРѕРІР°РЅРёСЏ РїРѕ Р±Р°РґРјРёРЅС‚РѕРЅСѓ РІ СЂР°РјРєР°С… РҐII Р»РµС‚РЅРµР№ СѓРЅРёРІРµСЂСЃРёР°РґС‹ РЈРєСЂР°РёРЅС‹. РҐР°СЂСЊРєРѕРІ Р±С‹Р» РїСЂРµРґСЃС‚Р°РІР»РµРЅ РєРѕРјР°РЅРґР°РјРё РґРІСѓС… РІСѓР·РѕРІ: РќР°С†РёРѕРЅР°Р»СЊРЅРѕРіРѕ С‚РµС…РЅРёС‡РµСЃРєРѕРіРѕ СѓРЅРёРІРµСЂСЃРёС‚РµС‚Р° В«РҐР°СЂСЊРєРѕРІСЃРєРёР№ РїРѕР»РёС‚РµС…РЅРёС‡РµСЃРєРёР№ РёРЅСЃС‚РёС‚СѓС‚В» Рё РҐР°СЂСЊРєРѕРІСЃРєРѕР№ РіРѕСЃСѓРґР°СЂСЃС‚РІРµРЅРЅРѕР№ Р°РєР°РґРµРјРёРµР№ С„РёР·РёС‡РµСЃРєРѕР№ РєСѓР»СЊС‚СѓСЂС‹.\r\n\r\nРљРѕРјР°РЅРґР° РќРўРЈ В«РҐРџР?В» Р·Р°РЅСЏР»Р° РїРµСЂРІРѕРµ РјРµСЃС‚Рѕ РІ РєРѕРјР°РЅРґРЅРѕРј Р·Р°С‡РµС‚Рµ, РІ СЃРѕСЂРµРІРЅРѕРІР°РЅРёСЏС… РѕР±Р»Р°СЃС‚РЅС‹С… Рё РіРѕСЂРѕРґСЃРєРёС… СѓРїСЂР°РІР»РµРЅРёР№ С„РёР·РёС‡РµСЃРєРѕРіРѕ РІРѕСЃРїРёС‚Р°РЅРёСЏ Рё СЃРїРѕСЂС‚Р° РєРѕРјР°РЅРґС‹ РҐР°СЂСЊРєРѕРІСЃРєРѕРіРѕ РѕР±Р»Р°СЃС‚РЅРѕРіРѕ РѕС‚РґРµР»РµРЅРёСЏ (С„РёР»РёР°Р»Р°) РїРѕ С„РёР·РёС‡РµСЃРєРѕРјСѓ РІРѕСЃРїРёС‚Р°РЅРёСЋ Рё СЃРїРѕСЂС‚Сѓ РњРћРќ РЈРєСЂР°РёРЅС‹ Р·Р°РЅСЏР»Рё РїРµСЂРІРѕРµ Рё РІС‚РѕСЂРѕРµ РјРµСЃС‚Р°.\r\n\r\nР’ Р»РёС‡РЅРѕРј Р·Р°С‡РµС‚Рµ С…Р°СЂСЊРєРѕРІС‡Р°РЅРµ СЃС‚Р°Р»Рё РїРѕР±РµРґРёС‚РµР»СЏРјРё РІ С‚СЂРµС… РїР°СЂРЅС‹С… РєР°С‚РµРіРѕСЂРёСЏС…. Р’ РјСѓР¶СЃРєРѕР№ РїР°СЂРЅРѕР№ вЂ“ Р”РјРёС‚СЂРёР№ РљР°СЂРїРµРЅРєРѕ Рё Р“РµРЅРЅР°РґРёР№ РќР°С‚Р°СЂРѕРІ (РҐР°СЂСЊРєРѕРІСЃРєР°СЏ РіРѕСЃСѓРґР°СЂСЃС‚РІРµРЅРЅР°СЏ Р°РєР°РґРµРјРёСЏ С„РёР·РёС‡РµСЃРєРѕР№ РєСѓР»СЊС‚СѓСЂС‹), Р¶РµРЅСЃРєРѕР№ РїР°СЂРЅРѕР№ вЂ“ РђРЅР°СЃС‚Р°СЃРёСЏ Р”РјРёС‚СЂРёС€РёРЅ Рё Р”Р°СЂСЊСЏ РЎР°РјР°СЂС‡Р°РЅС† (РќРўРЈ вЂњРҐРџР?вЂќ) Рё РІ СЃРјРµС€Р°РЅРЅРѕР№ РїР°СЂРЅРѕР№ РєР°С‚РµРіРѕСЂРёРё вЂ“ РљРёСЂРёР»Р» РќРµСЃС‚РµСЂРµРЅРєРѕ Рё РђРЅР°СЃС‚Р°СЃРёСЏ Р”РјРёС‚СЂРёС€РёРЅ (РќРўРЈ В«РҐРџР?В»).\r\n\r\nРџРѕР·РґСЂР°РІР»СЏРµРј СЃРїРѕСЂС‚СЃРјРµРЅРѕРІ Рё РёС… С‚СЂРµРЅРµСЂРѕРІ СЃ СѓСЃРїРµС€РЅС‹Рј РІС‹СЃС‚СѓРїР»РµРЅРёРµРј!', 'n', 1, '04:54 07.06.15'),
(10, '&rarr;Р’Р°Р»РµСЂРёР№ РђС‚СЂР°С‰РµРЅРєРѕРІ Р·Р°РІРѕРµРІР°Р» В«Р±СЂРѕРЅР·СѓВ» РЅР° СЌС‚Р°РїРµ РљСѓР±РєР° Р•РІСЂРѕРїС‹ РІ Р¤РёРЅР»СЏРЅРґРёРё', 'CРѕ 2 РїРѕ 5 Р°РїСЂРµР»СЏ РІ РіРѕСЂРѕРґРµ Р’Р°РЅС‚Р°Р° (Р¤РёРЅР»СЏРЅРґРёСЏ) РїСЂРѕС…РѕРґРёР» СЌС‚Р°Рї РљСѓР±РєР° Р•РІСЂРѕРїС‹ РїРѕ Р±Р°РґРјРёРЅС‚РѕРЅСѓ СѓСЂРѕРІРЅСЏ International Challenge СЃ РїСЂРёР·РѕРІС‹Рј С„РѕРЅРґРѕРј 15 С‚С‹СЃ. РґРѕР». РҐР°СЂСЊРєРѕРІ Рё РЈРєСЂР°РёРЅСѓ РЅР° С‚СѓСЂРЅРёСЂРµ РїСЂРµРґСЃС‚Р°РІР»СЏР»Рё Р’Р°Р»РµСЂРёР№ РђС‚СЂР°С‰РµРЅРєРѕРІ, Р”РјРёС‚СЂРёР№ Р—Р°РІР°РґСЃРєРёР№ Рё РђСЂС‚РµРј РџРѕС‡С‚Р°СЂРµРІ.', 'CРѕ 2 РїРѕ 5 Р°РїСЂРµР»СЏ РІ РіРѕСЂРѕРґРµ Р’Р°РЅС‚Р°Р° (Р¤РёРЅР»СЏРЅРґРёСЏ) РїСЂРѕС…РѕРґРёР» СЌС‚Р°Рї РљСѓР±РєР° Р•РІСЂРѕРїС‹ РїРѕ Р±Р°РґРјРёРЅС‚РѕРЅСѓ СѓСЂРѕРІРЅСЏ International Challenge СЃ РїСЂРёР·РѕРІС‹Рј С„РѕРЅРґРѕРј 15 С‚С‹СЃ. РґРѕР». РҐР°СЂСЊРєРѕРІ Рё РЈРєСЂР°РёРЅСѓ РЅР° С‚СѓСЂРЅРёСЂРµ РїСЂРµРґСЃС‚Р°РІР»СЏР»Рё Р’Р°Р»РµСЂРёР№ РђС‚СЂР°С‰РµРЅРєРѕРІ, Р”РјРёС‚СЂРёР№ Р—Р°РІР°РґСЃРєРёР№ Рё РђСЂС‚РµРј РџРѕС‡С‚Р°СЂРµРІ.\r\n\r\nР’Р°Р»РµСЂРёР№ РђС‚СЂР°С‰РµРЅРєРѕРІ (136-Р№ РІ РјРёСЂРѕРІРѕРј СЂРµР№С‚РёРЅРіРµ) РґРѕСЃС‚РёРі РїРѕР»СѓС„РёРЅР°Р»Р° РІ РјСѓР¶СЃРєРѕР№ РѕРґРёРЅРѕС‡РЅРѕР№ РєР°С‚РµРіРѕСЂРёРё. Р’ 1/16 С„РёРЅР°Р»Р° Р’Р°Р»РµСЂРёР№ РѕР±С‹РіСЂР°Р» С‚СЂРµС‚СЊРµРіРѕ СЃРµСЏРЅРѕРіРѕ РёСЃРїР°РЅС†Р° РџР°Р±Р»Рѕ РђР±РёР°РЅР° (60-Р№): 21-17, 21-18. Р’ 1/8 С„РёРЅР°Р»Р° С…Р°СЂСЊРєРѕРІС‡Р°РЅРёРЅ Р±РµР· С‚СЂСѓРґР° СЂР°СЃРїСЂР°РІРёР»СЃСЏ СЃРѕ С€РІРµРґРѕРј РЇРєРѕР±РѕРј РќРёР»СЊСЃРѕРЅРѕРј (231-Р№): 21-13, 21-18. РЎРѕРїРµСЂРЅРёРєРѕРј Р’Р°Р»РµСЂРёСЏ РїРѕ С‡РµС‚РІРµСЂС‚СЊС„РёРЅР°Р»Сѓ СЃС‚Р°Р» 83-Р№ РЅРѕРјРµСЂ РјРёСЂРѕРІРѕРіРѕ СЂРµР№С‚РёРЅРіР° Р?РЅРґСЂР° Р‘Р°РіСѓСЃ РђРґРµ Р§Р°РЅРґСЂР° РёР· Р?С‚Р°Р»РёРё, РІ РїРµСЂРІРѕР№ РїР°СЂС‚РёРё СЃРёР»СЊРЅРµРµ Р±С‹Р» СѓРєСЂР°РёРЅРµС† 21-18, РІРѕ РІС‚РѕСЂРѕР№ РёС‚Р°Р»СЊСЏРЅРµС† РІР·СЏР» СЂРµРІР°РЅС€ 21-14, РІ СЂРµС€Р°СЋС‰РµР№ РїР°СЂС‚РёРё РїСЂРё СЃС‡РµС‚Рµ 7-2 РІ СЃРІРѕСЋ РїРѕР»СЊР·Сѓ РёС‚Р°Р»СЊСЏРЅРµС† СЃРЅСЏР»СЃСЏ СЃ СЃРѕСЂРµРІРЅРѕРІР°РЅРёР№ РїРѕ РїСЂРёС‡РёРЅРµ С‚СЂР°РІРјС‹, РѕС‚РєСЂС‹РІ Р’Р°Р»РµСЂРёСЋ РґРѕСЂРѕРіСѓ РІ СЃР»РµРґСѓСЋС‰РёР№ РєСЂСѓРі СЃРѕСЂРµРІРЅРѕРІР°РЅРёР№.\r\n\r\nР’ РїРѕР»СѓС„РёРЅР°Р»Рµ РђС‚СЂР°С‰РµРЅРєРѕРІР° Р¶РґР°Р» СЃС‚Р°СЂС‹Р№ Р·РЅР°РєРѕРјС‹Р№ СЂРѕСЃСЃРёСЏРЅРёРЅ РІС‚РѕСЂРѕР№ СЃРµСЏРЅС‹Р№ Р’Р»Р°РґРёРјРёСЂ РњР°Р»СЊРєРѕРІ (59-Р№). РџСЂРµР¶РґРµ СЃРѕРїРµСЂРЅРёРєРё РІСЃС‚СЂРµС‡Р°Р»РёСЃСЊ РґРµРІСЏС‚СЊ СЂР°Р·, РїРѕ РјР°С‚С‡Р°Рј СЃС‡РµС‚ Р±С‹Р» 5-4 РІ РїРѕР»СЊР·Сѓ СЂРѕСЃСЃРёСЏРЅРёРЅР°, РїСЂРё СЌС‚РѕРј РїРѕСЃР»РµРґРЅСЋСЋ РІСЃС‚СЂРµС‡Сѓ РІ РєРѕРЅС†Рµ С„РµРІСЂР°Р»СЏ РЅР° РљСѓР±РєРµ РјРёСЂР° РІ Р“РµСЂРјР°РЅРёРё РІС‹РёРіСЂР°Р» СѓРєСЂР°РёРЅРµС†. РђС‚СЂР°С‰РµРЅРєРѕРІ РѕС‡РµРЅСЊ СѓРІРµСЂРµРЅРЅРѕ РІС‹РёРіСЂР°Р» РїРµСЂРІСѓСЋ РїР°СЂС‚РёСЋ, РЅРё СЂР°Р·Сѓ РЅРµ РїРѕР·РІРѕР»РёРІ СЃРѕРїРµСЂРЅРёРєСѓ РґР°Р¶Рµ СЃСЂР°РІРЅСЏС‚СЊ СЃС‡РµС‚: 21-12, РІРѕ РІС‚РѕСЂРѕР№ РїР°СЂС‚РёРё Р±РѕСЂРѕР»СЃСЏ РґРѕ СЃС‡РµС‚Р° 11-11, РїРѕСЃР»Рµ С‡РµРіРѕ РѕС‚РґР°Р» РёРЅРёС†РёР°С‚РёРІСѓ РІ СЂСѓРєРё СЃРѕРїРµСЂРЅРёРєР° Рё РїСЂРѕРёРіСЂР°Р» 13-21. Р РµС€Р°СЋС‰Р°СЏ РїР°СЂС‚РёСЏ РїСЂРѕС€Р»Р° РїСЂРё РґРѕРјРёРЅРёСЂРѕРІР°РЅРёРё РњР°Р»СЊРєРѕРІР° Рё Р·Р°РєРѕРЅС‡РёР»Р°СЃСЊ РµРіРѕ РїРѕР±РµРґРѕР№ 21-7. РўР°РєРёРј РѕР±СЂР°Р·РѕРј, Р’Р°Р»РµСЂРёР№ РђС‚СЂР°С‰РµРЅРєРѕРІ Р·Р°РЅСЏР» С‚СЂРµС‚СЊРµ РјРµСЃС‚Рѕ РЅР° С‚СѓСЂРЅРёСЂРµ-С‡РµР»Р»РµРЅРґР¶РµСЂРµ.\r\n\r\nРђСЂС‚РµРј РџРѕС‡С‚Р°СЂРµРІ (104-Р№) РІ РїРµСЂРІРѕРј СЂР°СѓРЅРґРµ СЃРѕСЂРµРІРЅРѕРІР°РЅРёР№ РѕР±С‹РіСЂР°Р» СЌСЃС‚РѕРЅСЃРєРѕРіРѕ Р±Р°РґРјРёРЅС‚РѕРЅРёСЃС‚Р° Р Р°СѓР»СЏ РњР°СЃС‚Р° (75-Р№): 21-16, 21-19. Р’Рѕ РІС‚РѕСЂРѕРј РєСЂСѓРіРµ РђСЂС‚РµРј РІСЃС‚СЂРµС‡Р°Р»СЃСЏ СЃ СЂРѕСЃСЃРёСЏРЅРёРЅРѕРј Р’Р»Р°РґРёРјРёСЂРѕРј РњР°Р»СЊРєРѕРІС‹Рј, РєРѕС‚РѕСЂС‹Р№ РЅРµ РїРѕР·РІРѕР»РёР» СѓРєСЂР°РёРЅС†Сѓ РІС‹Р№С‚Рё РІ С‡РµС‚РІРµСЂС‚СЊС„РёРЅР°Р»: 21-11, 21-16.\r\n\r\nР”РјРёС‚СЂРёР№ Р—Р°РІР°РґСЃРєРёР№ (70-Р№) РІ РїРµСЂРІРѕРј Р¶Рµ РєСЂСѓРіРµ СѓСЃС‚СѓРїРёР» РґР°С‚СЃРєРѕРјСѓ СЃРїРѕСЂС‚СЃРјРµРЅСѓ РЎС‚РµС„РµРЅСѓ Р Р°СЃРјСѓСЃСЃРµРЅСѓ (114-Р№): 21-23, 8-21.\r\n\r\nРџРѕР·РґСЂР°РІР»СЏРµРј Р’Р°Р»РµСЂРёСЏ РђС‚СЂР°С‰РµРЅРєРѕРІР° Рё РµРіРѕ С‚СЂРµРЅРµСЂР° СЃ СѓСЃРїРµС€РЅС‹Рј РІС‹СЃС‚СѓРїР»РµРЅРёРµРј!', 'n', 1, '04:57 07.06.15'),
(11, '&rarr;Р”РјРёС‚СЂРёР№ Р—Р°РІР°РґСЃРєРёР№ вЂ“ РїРѕР±РµРґРёС‚РµР»СЊ СЌС‚Р°РїР° РљСѓР±РєР° Р•РІСЂРѕРїС‹ РІРѕ Р¤СЂР°РЅС†РёРё', 'РЎ 26 РїРѕ 29 РјР°СЂС‚Р° РІ РћСЂР»РµР°РЅРµ (Р¤СЂР°РЅС†РёСЏ) РїСЂРѕС…РѕРґРёР» РјРµР¶РґСѓРЅР°СЂРѕРґРЅС‹Р№ С‚СѓСЂРЅРёСЂ СѓСЂРѕРІРЅСЏ International Challenge СЃ РїСЂРёР·РѕРІС‹Рј С„РѕРЅРґРѕРј 15 С‚С‹СЃ. РґРѕР». Р’ С‚СѓСЂРЅРёСЂРµ РїСЂРёРЅРёРјР°Р»Рё СѓС‡Р°СЃС‚РёРµ С…Р°СЂСЊРєРѕРІСЃРєРёРµ СЃРїРѕСЂС‚СЃРјРµРЅС‹ Р”РјРёС‚СЂРёР№ Р—Р°РІР°РґСЃРєРёР№, Р’Р°Р»РµСЂРёР№ РђС‚СЂР°С‰РµРЅРєРѕРІ Рё РђСЂС‚РµРј РџРѕС‡С‚Р°СЂРµРІ.\r\n\r\nР§РµРјРїРёРѕРЅ РЈРєСЂР°РёРЅС‹ Р”РјРёС‚СЂРёР№ Р—Р°РІР°РґСЃРєРёР№ (78-Р№ РІ РјРёСЂРѕРІРѕРј СЂРµР№С‚РёРЅРіРµ) РІ 1/16 С„РёРЅР°Р»Р° РѕР±С‹РіСЂР°Р» СЂРѕСЃСЃРёСЏРЅРёРЅР° Р’Р»Р°РґРёРјРёСЂР° РњР°Р»СЊРєРѕРІР° (49-С‹Р№), РєРѕС‚РѕСЂС‹Р№ РіРѕРґ РЅР°Р·Р°Рґ РЅР° СЌС‚РѕРј Р¶Рµ С‚СѓСЂРЅРёСЂРµ РѕСЃС‚Р°РЅРѕРІРёР» Р”РјРёС‚СЂРёСЏ РІ РїРѕР»СѓС„РёРЅР°Р»Рµ: 23-21, 21-18. Р’ 1/8 С„РёРЅР°Р»Р° СѓРєСЂР°РёРЅРµС† РІС‹Р±РёР» РёР· Р±РѕСЂСЊР±С‹ С„СЂР°РЅС†СѓР·Р° РўРѕРјР°СЃР° Р СѓРєСЃРµР»СЏ (77-Р№): 23-21, 21-9.', 'РЎ 26 РїРѕ 29 РјР°СЂС‚Р° РІ РћСЂР»РµР°РЅРµ (Р¤СЂР°РЅС†РёСЏ) РїСЂРѕС…РѕРґРёР» РјРµР¶РґСѓРЅР°СЂРѕРґРЅС‹Р№ С‚СѓСЂРЅРёСЂ СѓСЂРѕРІРЅСЏ International Challenge СЃ РїСЂРёР·РѕРІС‹Рј С„РѕРЅРґРѕРј 15 С‚С‹СЃ. РґРѕР». Р’ С‚СѓСЂРЅРёСЂРµ РїСЂРёРЅРёРјР°Р»Рё СѓС‡Р°СЃС‚РёРµ С…Р°СЂСЊРєРѕРІСЃРєРёРµ СЃРїРѕСЂС‚СЃРјРµРЅС‹ Р”РјРёС‚СЂРёР№ Р—Р°РІР°РґСЃРєРёР№, Р’Р°Р»РµСЂРёР№ РђС‚СЂР°С‰РµРЅРєРѕРІ Рё РђСЂС‚РµРј РџРѕС‡С‚Р°СЂРµРІ.\r\n\r\nР§РµРјРїРёРѕРЅ РЈРєСЂР°РёРЅС‹ Р”РјРёС‚СЂРёР№ Р—Р°РІР°РґСЃРєРёР№ (78-Р№ РІ РјРёСЂРѕРІРѕРј СЂРµР№С‚РёРЅРіРµ) РІ 1/16 С„РёРЅР°Р»Р° РѕР±С‹РіСЂР°Р» СЂРѕСЃСЃРёСЏРЅРёРЅР° Р’Р»Р°РґРёРјРёСЂР° РњР°Р»СЊРєРѕРІР° (49-С‹Р№), РєРѕС‚РѕСЂС‹Р№ РіРѕРґ РЅР°Р·Р°Рґ РЅР° СЌС‚РѕРј Р¶Рµ С‚СѓСЂРЅРёСЂРµ РѕСЃС‚Р°РЅРѕРІРёР» Р”РјРёС‚СЂРёСЏ РІ РїРѕР»СѓС„РёРЅР°Р»Рµ: 23-21, 21-18. Р’ 1/8 С„РёРЅР°Р»Р° СѓРєСЂР°РёРЅРµС† РІС‹Р±РёР» РёР· Р±РѕСЂСЊР±С‹ С„СЂР°РЅС†СѓР·Р° РўРѕРјР°СЃР° Р СѓРєСЃРµР»СЏ (77-Р№): 23-21, 21-9.\r\n\r\nРЎРѕРїРµСЂРЅРёРєРѕРј Р—Р°РІР°РґСЃРєРѕРіРѕ РїРѕ С‡РµС‚РІРµСЂС‚СЊС„РёРЅР°Р»Сѓ СЃС‚Р°Р» РґР°С‚С‡Р°РЅРёРЅ РљСЂРёСЃС‚РёР°РЅ Р›РёРЅРґ РўРѕРјРїСЃРµРЅ (94-Р№). РљР°Рє Рё РіРѕРґ РЅР°Р·Р°Рґ, СЃРёР»СЊРЅРµРµ РѕРєР°Р·Р°Р»СЃСЏ СѓРєСЂР°РёРЅРµС†: 21-17, 21-18. РќР°РёР±РѕР»РµРµ РёР·РјР°С‚С‹РІР°СЋС‰РёРј РІС‹РґР°Р»СЃСЏ РјР°С‚С‡ СЃ С€РѕС‚Р»Р°РЅРґСЃРєРёРј СЃРїРѕСЂС‚СЃРјРµРЅРѕРј РљРµСЂР°РЅРѕРј РњРµСЂСЂРёР»РёР· (126-Р№). Р’ С‚РµС‡РµРЅРёРµ РѕРґРЅРѕРіРѕ С‡Р°СЃР° РїСЏС‚РЅР°РґС†Р°С‚Рё РјРёРЅСѓС‚ СЃРѕРїРµСЂРЅРёРєРё РІС‹СЏСЃРЅСЏР»Рё РѕС‚РЅРѕС€РµРЅРёСЏ. РџРµСЂРІСѓСЋ РїР°СЂС‚РёСЋ Р—Р°РІР°РґСЃРєРёР№ РїСЂРѕРёРіСЂР°Р» 18-21, Р° РІРѕС‚ РґРІРµ РґСЂСѓРіРёРµ РІС‹РёРіСЂР°Р» СЃРѕ СЃС‡РµС‚РѕРј 21-18.\r\n\r\n \r\n\r\nР’ С„РёРЅР°Р»Рµ Р—Р°РІР°РґСЃРєРёР№  РІСЃС‚СЂРµС‡Р°Р»СЃСЏ СЃ РїСЂРµРґСЃС‚Р°РІРёС‚РµР»РµРј Р°Р·РёР°С‚СЃРєРѕР№ С€РєРѕР»С‹ Р±Р°РґРјРёРЅС‚РѕРЅР° вЂ“ СЃРµСЏРЅС‹Рј РїРµСЂРІС‹Рј РёРЅРґРѕРЅРµР·РёР№СЃРєРёРј Р±Р°РґРјРёРЅС‚РѕРЅРёСЃС‚РѕРј РђРЅРґСЂРµ РљСѓСЂРЅСЏРІР°РЅ РўРµРґР¶РѕРЅРѕ (41-Р№). Р’ РѕРєС‚СЏР±СЂРµ РїСЂРѕС€Р»РѕРіРѕ РіРѕРґР° РЅР° С„СЂР°РЅС†СѓР·СЃРєРѕР№ Р·РµРјР»Рµ Р”РјРёС‚СЂРёР№ СѓР¶Рµ РѕР±С‹РіСЂС‹РІР°Р» РђРЅРґСЂРµ РІ С‚СЂРµС… РїР°СЂС‚РёСЏС…, Рё РІ СЌС‚РѕС‚ СЂР°Р· Р—Р°РІР°РґСЃРєРѕРјСѓ СѓРґР°Р»РѕСЃСЊ Р·Р°РєСЂРµРїРёС‚СЊ СѓСЃРїРµС…. Р’ С‚РµС‡РµРЅРёРµ РІСЃРµРіРѕ РјР°С‚С‡Р° СѓРєСЂР°РёРЅРµС† РІРµР» РІ СЃС‡РµС‚Рµ Рё Р·Р°РєРѕРЅС‡РёР» РјР°С‚С‡ РїРѕР±РµРґРѕР№ РІ РґРІСѓС… РїР°СЂС‚РёСЏС…: 24-22, 21-17.\r\n\r\nР’Р°Р»РµСЂРёР№ РђС‚СЂР°С‰РµРЅРєРѕРІ (136-Р№) РІС‹РёРіСЂР°Р» С‚СЂРё РјР°С‚С‡Р° РєРІР°Р»РёС„РёРєР°С†РёРѕРЅРЅРѕРіРѕ РѕС‚Р±РѕСЂР°, РІРєР»СЋС‡Р°СЏ РјР°С‚С‡ СЃ РїСЂРѕС€Р»РѕРіРѕРґРЅРёРј РѕР±РёРґС‡РёРєРѕРј вЂ“ Р±РѕР»РіР°СЂСЃРєРёРј СЃРїРѕСЂС‚СЃРјРµРЅРѕРј РЎС‚РёР»СЏРЅРѕРј РњР°РєР°СЂСЃРєРё (231-Р№): 21-13, 13-21, 24-22, Р° РІ РѕСЃРЅРѕРІРЅРѕР№ СЃРµС‚РєРµ Р»РµРіРєРѕ РѕС‚РґР°Р» РїРѕР±РµРґСѓ РЅРµРјРµС†РєРѕРјСѓ Р±Р°РґРјРёРЅС‚РѕРЅРёСЃС‚Сѓ РџР°С‚СЂРёРєСѓ РљР°РµРјРЅРёС†Сѓ (247-Р№): 13-21, 13-21.\r\n\r\nРђСЂС‚РµРј РџРѕС‡С‚Р°СЂРµРІ (103-Р№) РЅР°С‡РёРЅР°Р» СЃРѕСЂРµРІРЅРѕРІР°РЅРёСЏ РІ РѕСЃРЅРѕРІРЅРѕР№ СЃРµС‚РєРµ, РіРґРµ РїСЂРѕРёРіСЂР°Р» РІ РїРµСЂРІРѕРј Р¶Рµ РєСЂСѓРіРµ Р°РІСЃС‚СЂРёР№СЃРєРѕРјСѓ СЃРїРѕСЂС‚СЃРјРµРЅСѓ РњР°С‚С‚РёР°СЃСѓ РђР»СЊРјРµСЂСѓ (104-Р№): 11-21, 12-21.\r\n\r\nРџРѕР·РґСЂР°РІР»СЏРµРј Р”РјРёС‚СЂРёСЏ Р—Р°РІР°РґСЃРєРѕРіРѕ СЃ СѓСЃРїРµС€РЅС‹Рј РІС‹СЃС‚СѓРїР»РµРЅРёРµРј!', 'n', 1, '04:58 07.06.15'),
(12, '&rarr;РљРѕРјР°РЅРґР° РҐР‘РЎРљ - Р§РµРјРїРёРѕРЅ РџРµСЂРІРѕР№ Р›РёРіРё!', 'РќР° СЌС‚РѕР№ РЅРµРґРµР»Рµ Р·Р°РІРµСЂС€РёР»СЃСЏ Р§РµРјРїРёРѕРЅР°С‚ РЈРєСЂР°РёРЅС‹ СЃСЂРµРґРё РєР»СѓР±РЅС‹С… РєРѕРјР°РЅРґ РџРµСЂРІРѕР№ Р›РёРіРё. Р­С‚Рё СЃРѕСЂРµРІРЅРѕРІР°РЅРёСЏ РїСЂРѕС…РѕРґРёР»Рё РІ Р’РёРЅРЅРёС†Рµ, Рё РєРѕРјР°РЅРґСѓ РҐР‘РЎРљ РїСЂРµРґСЃС‚Р°РІР»СЏР»Рё РђРЅРЅР° РњРёС…Р°Р»СЊРєРѕРІР°, РњР°СЂРёРЅР° Р?Р»СЊРёРЅСЃРєР°СЏ, Р”Р°РЅР° Р“СЂРёРЅРµРЅРєРѕ, Р’Р»Р°РґРёСЃР»Р°РІ РўСЂРµРіСѓР±РµРЅРєРѕ, Р•РІРіРµРЅРёР№ РџРѕР·РЅСЏРєРѕРІ Рё Р’Р»Р°РґРёСЃР»Р°РІ РЎС‚РµСЂРёРЅ.', 'РќР° СЌС‚РѕР№ РЅРµРґРµР»Рµ Р·Р°РІРµСЂС€РёР»СЃСЏ Р§РµРјРїРёРѕРЅР°С‚ РЈРєСЂР°РёРЅС‹ СЃСЂРµРґРё РєР»СѓР±РЅС‹С… РєРѕРјР°РЅРґ РџРµСЂРІРѕР№ Р›РёРіРё. Р­С‚Рё СЃРѕСЂРµРІРЅРѕРІР°РЅРёСЏ РїСЂРѕС…РѕРґРёР»Рё РІ Р’РёРЅРЅРёС†Рµ, Рё РєРѕРјР°РЅРґСѓ РҐР‘РЎРљ РїСЂРµРґСЃС‚Р°РІР»СЏР»Рё РђРЅРЅР° РњРёС…Р°Р»СЊРєРѕРІР°, РњР°СЂРёРЅР° Р?Р»СЊРёРЅСЃРєР°СЏ, Р”Р°РЅР° Р“СЂРёРЅРµРЅРєРѕ, Р’Р»Р°РґРёСЃР»Р°РІ РўСЂРµРіСѓР±РµРЅРєРѕ, Р•РІРіРµРЅРёР№ РџРѕР·РЅСЏРєРѕРІ Рё Р’Р»Р°РґРёСЃР»Р°РІ РЎС‚РµСЂРёРЅ.\r\nР? РІ СЌС‚РѕРј РіРѕРґСѓ РєРѕРјР°РЅРґР° РҐР°СЂСЊРєРѕРІСЃРєРѕРіРѕ Р±Р°РґРјРёРЅС‚РѕРЅРЅРѕРіРѕ СЃРїРѕСЂС‚РёРІРЅРѕРіРѕ РєР»СѓР±Р° Р·Р°РІРѕРµРІР°Р»Р° Р·РІР°РЅРёРµ Р§РµРјРїРёРѕРЅР° РЈРєСЂР°РёРЅС‹! РџРѕРґСЂРѕР±РЅРѕСЃС‚Рё С‡РёС‚Р°Р№С‚Рµ РґР°Р»РµРµ.\r\nР’СЃРµРіРѕ РЅР° С‚СѓСЂРЅРёСЂРµ РІ Р’РёРЅРЅРёС†Рµ Р±С‹Р»Рѕ РїСЂРµРґСЃС‚Р°РІР»РµРЅРѕ 12 РєРѕРјР°РЅРґ. РЎРѕСЂРµРІРЅРѕРІР°РЅРёСЏ РїСЂРѕС…РѕРґРёР»Рё РїРѕ РєСЂСѓРіРѕРІРѕР№ СЃРёСЃС‚РµРјРµ, Р° Р·Р°С‚РµРј Р»РёРґРµСЂС‹ РїРѕРґРіСЂСѓРїРї РІСЃС‚СЂРµС‡Р°Р»РёСЃСЊ РІ РїРѕР»СѓС„РёРЅР°Р»Рµ.\r\nР’ РіСЂСѓРїРїРѕРІРѕРј СЌС‚Р°РїРµ РЅР°С€Рё СЃРїРѕСЂС‚СЃРјРµРЅС‹ РѕРґРµСЂР¶Р°Р»Рё СѓРІРµСЂРµРЅРЅСѓСЋ РїРѕР±РµРґСѓ РЅР°Рґ РєРѕРјР°РЅРґРѕР№ Р’РёРЅРЅРёС†С‹ СЃРѕ СЃС‡РµС‚РѕРј 5-0, Рё РЅР°Рґ СЃР±РѕСЂРЅРѕР№ Р”РЅРµРїСЂРѕРїРµС‚СЂРѕРІСЃРєР° (4-1).\r\nР’ С„РёРЅР°Р» РєРѕРјР°РЅРґР° РҐР‘РЎРљ РІС‹С€Р»Р° РѕР±С‹РіСЂР°РІ РІС‚РѕСЂСѓСЋ С…Р°СЂСЊРєРѕРІСЃРєСѓСЋ РєРѕРјР°РЅРґСѓ, РЁР’РЎРњ-РўРµР»РµСЃРµРЅСЃ СЃРѕ СЃС‡РµС‚РѕРј 3-0.\r\nР’ РёРіСЂРµ Р·Р° РїРµСЂРІРѕРµ РјРµСЃС‚Рѕ РЅР°С€РёРј СЃРїРѕСЂС‚СЃРјРµРЅР°Рј РїСЂРѕС‚РёРІРѕСЃС‚РѕСЏР»Р° СЃР±РѕСЂРЅР°СЏ РљРёРµРІР°. РќР°С€Рё Р±Р°РґРјРёРЅС‚РѕРЅРёСЃС‚С‹ РїРѕРєР°Р·Р°Р»Рё РЅР° РєРѕСЂС‚Рµ СѓРІРµСЂРµРЅРЅС‹Р№ Р±Р°РґРјРёРЅС‚РѕРЅ РІС‹СЃРѕРєРѕРіРѕ СѓСЂРѕРІРЅСЏ Рё РѕРґРµСЂР¶Р°Р»Рё РїРѕР±РµРґСѓ СЃ РѕР±С‰РµРєРѕРјР°РЅРґРЅС‹Рј СЃС‡РµС‚РѕРј 3-1.\r\nРњС‹ РїРѕР·РґСЂР°РІР»СЏРµРј СЃРїРѕСЂС‚СЃРјРµРЅРѕРІ Рё С‚СЂРµРЅРµСЂРѕРІ СЃ СѓСЃРїРµС€РЅС‹Рј РІС‹СЃС‚СѓРїР»РµРЅРёРµРј Рё Р¶РґРµРј РЅРѕРІС‹С… РїРѕР±РµРґ!', 'n', 1, '05:04 07.06.15');
INSERT INTO `articles` (`article_id`, `article_title`, `article_prev`, `article_text`, `article_type`, `user_id`, `article_date`) VALUES
(13, '&rarr;РќР°С€Рё СЋРЅС‹Рµ СЃРїРѕСЂС‚СЃРјРµРЅС‹ РЅР° РїСЊРµРґРµСЃС‚Р°Р»Рµ РІ РљРёРµРІРµ!', 'РЎ 1 РїРѕ 3 РјР°СЏ РїСЂРѕС…РѕРґРёР» РІСЃРµСѓРєСЂР°РёРЅСЃРєРёР№ С‚СѓСЂРЅРёСЂ "РљРёРµРІСЃРєРёР№ РєР°С€С‚Р°РЅ". РЎРѕСЂРµРІРЅРѕРІР°РЅРёСЏ СЃРѕР±СЂР°Р»Рё РѕРєРѕР»Рѕ 100 СЃРїРѕСЂС‚СЃРјРµРЅРѕРІ РѕС‚ 12 Р»РµС‚ Рё РјР»Р°РґС€Рµ РёР· СЂР°Р·РЅС‹С… СѓРіРѕР»РєРѕРІ РЈРєСЂР°РёРЅС‹: РҐР°СЂСЊРєРѕРІР°, РќРёРєРѕР»Р°РµРІР°, Р›СЊРІРѕРІР°, РћРґРµСЃСЃС‹, Р’РёРЅРЅРёС†С‹ Рё, РєРѕРЅРµС‡РЅРѕ, СЃР°РјРѕРіРѕ РљРёРµРІР°. РќР°С€ РљР»СѓР± РґРѕСЃС‚РѕР№РЅРѕ РїСЂРµРґСЃС‚Р°РІРёР»Р° РґРµС‚СЃРєР°СЏ СЃР±РѕСЂРЅР°СЏ РёР· 15 СЋРЅС‹С… Р±Р°РґРјРёРЅС‚РѕРЅРёСЃС‚РѕРІ. Р’РїРµС‡Р°С‚Р»РµРЅРёСЏ СЂРµР±СЏС‚, РЅР°С€Рё РїРµСЂРІС‹Рµ РїРѕР±РµРґС‹ Р¶РґСѓС‚ Р’Р°СЃ РІ РЅР°С€РµР№ СЃС‚Р°С‚СЊРµ.', 'РЎ 1 РїРѕ 3 РјР°СЏ РїСЂРѕС…РѕРґРёР» РІСЃРµСѓРєСЂР°РёРЅСЃРєРёР№ С‚СѓСЂРЅРёСЂ "РљРёРµРІСЃРєРёР№ РєР°С€С‚Р°РЅ". РЎРѕСЂРµРІРЅРѕРІР°РЅРёСЏ СЃРѕР±СЂР°Р»Рё РѕРєРѕР»Рѕ 100 СЃРїРѕСЂС‚СЃРјРµРЅРѕРІ РѕС‚ 12 Р»РµС‚ Рё РјР»Р°РґС€Рµ РёР· СЂР°Р·РЅС‹С… СѓРіРѕР»РєРѕРІ РЈРєСЂР°РёРЅС‹: РҐР°СЂСЊРєРѕРІР°, РќРёРєРѕР»Р°РµРІР°, Р›СЊРІРѕРІР°, РћРґРµСЃСЃС‹, Р’РёРЅРЅРёС†С‹ Рё, РєРѕРЅРµС‡РЅРѕ, СЃР°РјРѕРіРѕ РљРёРµРІР°. РќР°С€ РљР»СѓР± РґРѕСЃС‚РѕР№РЅРѕ РїСЂРµРґСЃС‚Р°РІРёР»Р° РґРµС‚СЃРєР°СЏ СЃР±РѕСЂРЅР°СЏ РёР· 15 СЋРЅС‹С… Р±Р°РґРјРёРЅС‚РѕРЅРёСЃС‚РѕРІ. Р’РїРµС‡Р°С‚Р»РµРЅРёСЏ СЂРµР±СЏС‚, РЅР°С€Рё РїРµСЂРІС‹Рµ РїРѕР±РµРґС‹ Р¶РґСѓС‚ Р’Р°СЃ РІ РЅР°С€РµР№ СЃС‚Р°С‚СЊРµ.\r\nРЎРѕСЂРµРІРЅРѕРІР°РЅРёСЏ РїСЂРѕС…РѕРґРёР»Рё РІ РґРІСѓС… РІРѕР·СЂР°СЃС‚РЅС‹С… РєР°С‚РµРіРѕСЂРёСЏС… - 2003-2004 Рі.СЂ. Рё 2005 Рі.СЂ. Рё РјР»Р°РґС€Рµ. РњР»Р°РґС€РёР№ РІРѕР·СЂР°СЃС‚ РѕС‚ РЅР°С€РµРіРѕ РљР»СѓР±Р° РїСЂРµРґСЃС‚Р°РІРёР»Рё РќР°СЃС‚СЏ РњРёСЂРѕС€РЅРёС‡РµРЅРєРѕ, Р”РµРЅРёСЃ РўР°С‚Р°СЂРєРѕ, Р‘РѕРіРґР°РЅ РЁР°РјСЂР°Р№ Рё РљР°С‚СЏ Р‘С‹С†РµРЅРєРѕ. Р”Р»СЏ СЂРµР±СЏС‚ СЌС‚Рѕ Р±С‹Р» РѕРґРёРЅ РёР· РїРµСЂРІС‹С… РІС‹РµР·РґРѕРІ РЅР° СЃРѕСЂРµРІРЅРѕРІР°РЅРёСЏ. РџРѕРєР° С‡С‚Рѕ РІ РёС… РІРѕР·СЂР°СЃС‚Рµ РµСЃС‚СЊ Р±РѕР»РµРµ РѕРїС‹С‚РЅС‹Рµ СЃРїРѕСЂС‚СЃРјРµРЅС‹. РќРѕ РЅР°С€Рё РїРѕРєР°Р·Р°Р»Рё, С‡С‚Рѕ РёС… РјРµРґР°Р»Рё - РґРµР»Рѕ РІСЂРµРјРµРЅРё. Р’РµРґСЊ РєР°Р¶РґС‹Р№ Р±РѕСЂРѕР»СЃСЏ РґРѕ РєРѕРЅС†Р°, СЃС‚Р°СЂР°Р»СЃСЏ РєР°Рє РјРѕР¶РЅРѕ Р»СѓС‡С€Рµ РѕС‚Р±РёС‚СЊ РІРѕР»Р°РЅ, РЅРµ Р·Р°СЃРѕРјРЅРµРІР°Р»СЃСЏ РІ СЃРµР±Рµ РІ РєСЂРёС‚РёС‡РµСЃРєРёР№ РјРѕРјРµРЅС‚ РЅР° РїР»РѕС‰Р°РґРєРµ, Р° СЃРјРµР»Рѕ РїСЂРёРЅРёРјР°Р» СЂРµС€РµРЅРёРµ. РќСѓ Рё, РєРѕРЅРµС‡РЅРѕ, Сѓ РІСЃРµС… Р±С‹Р»Рё РїРµСЂРІС‹Рµ РїРѕР±РµРґС‹, РїСѓСЃРєР°Р№ РїРѕРєР° РЅРµ РІ С„РёРЅР°Р»Рµ. РќРѕ РЅР° С‚Р°РєРёС… РїРѕР±РµРґР°С… СѓС‡Р°С‚СЃСЏ Рё СЃС‚Р°РЅРѕРІСЏС‚СЃСЏ С‡РµРјРїРёРѕРЅР°РјРё РІ Р±СѓРґСѓС‰РµРј. \r\nРњС‹ РїРѕР·РґСЂР°РІР»СЏРµРј РЅР°С€РёС… СЂРµР±СЏС‚ СЃ РїРµСЂРІС‹РјРё РІС‹СЃС‚СѓРїР»РµРЅРёСЏРјРё РЅР° РЅР°СЃС‚РѕСЏС‰РёС… СЃРѕСЂРµРІРЅРѕРІР°РЅРёСЏС…! Р–РµР»Р°РµРј РїР»РѕРґРѕС‚РІРѕСЂРЅС‹С… С‚СЂРµРЅРёСЂРѕРІРѕРє, РІРµСЂС‹ РІ СЃРµР±СЏ Рё РїРѕР±РµРґ РІРѕ РІСЃРµРј!\r\nР’ СЃС‚Р°СЂС€РµРј РІРѕР·СЂР°СЃС‚Рµ РЅР°С€Рё СЂРµР±СЏС‚Р° СѓР¶Рµ Р±РµР· РЅР°РіСЂР°Рґ РЅРµ РѕСЃС‚Р°Р»РёСЃСЊ. РњР°С€Р° РЎС‚РѕР»СЏСЂРµРЅРєРѕ РІРїРµСЂРІС‹Рµ РїРѕРїР°Р»Р° РІ РїСЂРёР·С‹ РІРѕ РІСЃРµС… С‚СЂРµС… СЂР°Р·СЂСЏРґР°С…. РћРЅР° Р·Р°РЅСЏР»Р° С‚СЂРµС‚СЊРµ РјРµСЃС‚Рѕ РІ РѕРґРёРЅРѕС‡РєРµ, РїР°СЂРµ Рё РјРёРєСЃС‚Рµ. РЇРЅР° РЎРѕР±РєРѕ РІРїРµСЂРІС‹Рµ РёРіСЂР°Р»Р° РІ С„РёРЅР°Р»Рµ РїРѕ СЃС‚Р°СЂС€РµРјСѓ РІРѕР·СЂР°СЃС‚Сѓ. Р’С‹РёРіСЂР°Р»Р° "СЃРµСЂРµР±СЂРѕ" РІ РѕРґРёРЅРѕС‡РєРµ Рё "Р±СЂРѕРЅР·Сѓ" РІ РїР°СЂРµ СЃ РњР°С€РµР№. РџРµСЂРІС‹Р№ С„РёРЅР°Р» РїРѕ СЃС‚Р°СЂС€РёРј Р±С‹Р» С‚Р°РєР¶Рµ Сѓ Р’Р°СЂРё Р¤СЂРѕР»РѕРІРѕР№ Рё РџРѕР»РёРЅС‹ Р‘СѓРіСЂРѕРІРѕР№. Р”РµРІРѕС‡РєРё РІР·СЏР»Рё СЃРµСЂРµР±СЂСЏРЅРЅСѓСЋ РјРµРґР°Р»СЊ РІ РїР°СЂРµ. Р›РµС€Р° РџРµСЂС€РёРЅ Р·Р°РІРѕРµРІР°Р» СЃРІРѕСЋ РїРµСЂРІСѓСЋ РјРµРґР°Р»СЊ РЅР° РІС‹РµР·РґРЅС‹С… СЃРѕСЂРµРІРЅРѕРІР°РЅРёСЏС… - "Р±СЂРѕРЅР·Сѓ" РІ РјРёРєСЃС‚Рµ СЃ РњР°С€РµР№. \r\nРњС‹ РїРѕР·РґСЂР°РІР»СЏРµРј СЂРµР±СЏС‚ СЃ РѕС‚Р»РёС‡РЅС‹Рј РІС‹СЃС‚СѓРїР»РµРЅРёРµРј! Р­С‚Рё РЅР°РіСЂР°РґС‹ РґРµР№СЃС‚РІРёС‚РµР»СЊРЅРѕ Р·Р°СЃР»СѓР¶РµРЅРЅС‹Рµ. Р’РµРґСЊ РґРѕРјР° РЅР°С€Рё Р±Р°РґРјРёРЅС‚РѕРЅРёСЃС‚С‹ РІС‹РїРѕР»РЅСЏСЋС‚ РѕРіСЂРѕРјРЅС‹Р№ РѕР±СЉРµРј СЂР°Р±РѕС‚С‹. РўР°РєРѕР№ СЂРµР·СѓР»СЊС‚Р°С‚ - РїРѕРєР°Р·Р°С‚РµР»СЊ С‚РѕРіРѕ, С‡С‚Рѕ РЅР°С€Рё Р±СѓРґСѓС‰РёРµ С‡РµРјРїРёРѕРЅС‹ РЅР° РїСЂР°РІРёР»СЊРЅРѕРј РїСѓС‚Рё. РќРѕ РґР»СЏ РЅР°СЃС‚РѕСЏС‰РёС… РїРѕР±РµРґ РЅСѓР¶РЅРѕ С‚СЂСѓРґРёС‚СЊСЃСЏ РґР°Р»СЊС€Рµ. Р’РµРґСЊ СЌС‚Рѕ РґР°Р»РµРєРѕ РЅРµ РјР°РєСЃРёРјСѓРј. РњС‹ Р¶РµР»Р°РµРј РЅР°С€РёРј СЂРµР±СЏС‚Р°Рј СЃ РєР°Р¶РґС‹Рј РґРЅРµРј РѕС‚РєСЂС‹РІР°С‚СЊ РЅРѕРІС‹Рµ РіРѕСЂРёР·РѕРЅС‚С‹ Р±Р°РґРјРёРЅС‚РѕРЅР°, РІС‹С…РѕРґРёС‚СЊ РЅР° Р±РѕР»РµРµ РІС‹СЃРѕРєРёР№ СѓСЂРѕРІРµРЅСЊ РёРіСЂС‹, РЅР°СѓС‡РёС‚СЊСЃСЏ РёРіСЂР°С‚СЊ С‚Р°Рє, РєР°Рє РЅРµ СѓРјРµРµС‚ РЅРёРєС‚Рѕ! Р? РґР°Р¶Рµ РєРѕРіРґР° РѕРЅРё СЌС‚РѕРіРѕ РґРѕСЃС‚РёРіРЅСѓС‚, РІСЃРµ СЂР°РІРЅРѕ РґРІРёРіР°С‚СЊСЃСЏ РґР°Р»СЊС€Рµ. \r\nРљСЂРѕРјРµ СЃРѕСЂРµРІРЅРѕРІР°РЅРёР№ РІ Р·Р°Р»Рµ СЂРµР±СЏС‚Р° РїРѕРіСѓР»СЏР»Рё РїРѕ РљРёРµРІРѕ-РџРµС‡РµСЂСЃРєРѕР№ Р›Р°РІСЂРµ, РїРѕСЃРµС‚РёР»Рё РјСѓР·РµР№ Р’РµР»РёРєРѕР№ РћС‚РµС‡РµСЃС‚РІРµРЅРЅРѕР№ Р’РѕР№РЅС‹ Рё РїСЂРѕСЃС‚Рѕ РІРµСЃРµР»Рѕ РїСЂРѕРІРµР»Рё РІСЂРµРјСЏ РІРјРµСЃС‚Рµ, СЃС‚Р°Р»Рё РЅР°СЃС‚РѕСЏС‰РёРјРё РґСЂСѓР·СЊСЏРјРё! \r\nРћРіСЂРѕРјРЅРѕРµ СЃРїР°СЃРёР±Рѕ СЂРѕРґРёС‚РµР»СЏРј РЅР°С€РёС… СЃРїРѕСЂСЃС‚РјРµРЅРѕРІ Р·Р° РїРѕРЅРёРјР°РЅРёРµ Рё РїРѕРґРґРµСЂР¶РєСѓ РІРѕ РІСЃРµРј! Р?, РєРѕРЅРµС‡РЅРѕ, РѕС‚РґРµР»СЊРЅРѕРµ СЃРїР°СЃРёР±Рѕ Рё РїРѕР·РґСЂР°РІР»РµРЅРёСЏ С‚СЂРµРЅРµСЂР°Рј, РїРѕРґРіРѕС‚РѕРІРёРІС€РёРј СЂРµР±СЏС‚ - РђРЅРЅРµ Р РѕРґРёРѕРЅРѕРІРЅРµ, Р•Р»РёР·Р°РІРµС‚Рµ Р®СЂСЊРµРІРЅРµ, РђРЅР°СЂСѓ РќР°РґРёСЂРѕРІРёС‡Сѓ Рё РњРёС…Р°РёР»Сѓ Р‘РѕСЂРёСЃРѕРІРёС‡Сѓ!', 'n', 1, '05:07 07.06.15'),
(14, '&rarr;Р‘Р°РґРјРёРЅС‚РѕРЅ РґРІР° РІ РѕРґРЅРѕРј: РёРіСЂР° Рё РїРѕР»СЊР·Р°', 'Р‘Р°РґРјРёРЅС‚РѕРЅ вЂ“ СЌС‚Рѕ СЃРїРѕСЂС‚РёРІРЅР°СЏ РёРіСЂР° РЅР° РїР»РѕС‰Р°РґРєРµ, РєРѕС‚РѕСЂР°СЏ СЂР°Р·РґРµР»РµРЅР° СЃРµС‚РєРѕР№, РґР»СЏ РёРіСЂС‹ РїСЂРёРјРµРЅСЏСЋС‚ РІРѕР»Р°РЅ Рё СЂР°РєРµС‚РєРё. Р”Р°РЅРЅС‹Р№ РёРіСЂРѕРІРѕР№ РІРёРґ СЃРїРѕСЂС‚Р° РЅР°РёР»СѓС‡С€РёРј РѕР±СЂР°Р·РѕРј РїРѕРґС…РѕРґРёС‚ РґР»СЏ Р¶РµРЅС‰РёРЅ, РєРѕС‚РѕСЂС‹Рµ РІРµРґСѓС‚ Р·РґРѕСЂРѕРІС‹Р№ РѕР±СЂР°Р· Р¶РёР·РЅРё Рё СЏРІР»СЏСЋС‚СЃСЏ РїРѕС‡РёС‚Р°С‚РµР»СЊРЅРёС†Р°РјРё Р°РєС‚РёРІРЅРѕРіРѕ РѕС‚РґС‹С…Р°.', 'Р‘Р°РґРјРёРЅС‚РѕРЅ вЂ“ СЌС‚Рѕ СЃРїРѕСЂС‚РёРІРЅР°СЏ РёРіСЂР° РЅР° РїР»РѕС‰Р°РґРєРµ, РєРѕС‚РѕСЂР°СЏ СЂР°Р·РґРµР»РµРЅР° СЃРµС‚РєРѕР№, РґР»СЏ РёРіСЂС‹ РїСЂРёРјРµРЅСЏСЋС‚ РІРѕР»Р°РЅ Рё СЂР°РєРµС‚РєРё. Р”Р°РЅРЅС‹Р№ РёРіСЂРѕРІРѕР№ РІРёРґ СЃРїРѕСЂС‚Р° РЅР°РёР»СѓС‡С€РёРј РѕР±СЂР°Р·РѕРј РїРѕРґС…РѕРґРёС‚ РґР»СЏ Р¶РµРЅС‰РёРЅ, РєРѕС‚РѕСЂС‹Рµ РІРµРґСѓС‚ Р·РґРѕСЂРѕРІС‹Р№ РѕР±СЂР°Р· Р¶РёР·РЅРё Рё СЏРІР»СЏСЋС‚СЃСЏ РїРѕС‡РёС‚Р°С‚РµР»СЊРЅРёС†Р°РјРё Р°РєС‚РёРІРЅРѕРіРѕ РѕС‚РґС‹С…Р°. Р‘Р°РґРјРёРЅС‚РѕРЅ РїСЂРёРѕР±СЂС‘Р» Р±РѕР»СЊС€СѓСЋ Р°РєС‚СѓР°Р»СЊРЅРѕСЃС‚СЊ Р·Р° СЃС‡РµС‚ РїСЂРѕСЃС‚РѕС‚С‹ СЃРѕР±СЃС‚РІРµРЅРЅС‹С… РїСЂР°РІРёР», РґРѕСЃС‚СѓРїРЅРѕСЃС‚Рё РґР»СЏ СЂР°Р·РЅРѕРѕР±СЂР°Р·РЅС‹С… РІРѕР·СЂР°СЃС‚РЅС‹С… РєР°С‚РµРіРѕСЂРёР№ Рё РІРѕР·РјРѕР¶РЅРѕСЃС‚Рё РёРіСЂР°С‚СЊ Рё РІ РїРѕРјРµС‰РµРЅРёРё, Рё РЅР° РѕС‚РєСЂС‹С‚РѕРј РїСЂРѕСЃС‚СЂР°РЅСЃС‚РІРµ. Р—Р° РёСЃРєР»СЋС‡РµРЅРёРµРј РІСЃРµС… РІС‹С€РµСѓРєР°Р·Р°РЅРЅС‹С… РїСЂРµРёРјСѓС‰РµСЃС‚РІ, Р°РєС‚РёРІРЅРѕРµ СѓС‡Р°СЃС‚РёРµ СЃРѕРїСЂРѕРІРѕР¶РґР°РµС‚СЃСЏ РѕР·РґРѕСЂРѕРІРёС‚РµР»СЊРЅС‹Рј СЌС„С„РµРєС‚РѕРј.\r\nРџРѕР»СЊР·Р° РґР»СЏ Р·РґРѕСЂРѕРІСЊСЏ РѕС‚ РёРіСЂС‹ РІ Р±Р°РґРјРёРЅС‚РѕРЅ\r\nР?РіСЂР° СЏРІР»СЏРµС‚ СЃРѕР±РѕР№ РґРµР№СЃС‚РІРµРЅРЅРѕРµ СЃСЂРµРґСЃС‚РІРѕ РїРѕРІС‹С€Р°СЋС‰РµРµ РѕР±С‰РёР№ С‚РѕРЅСѓСЃ, РѕРЅР° РѕС‚РјРµРЅРЅРѕ СЃРЅРёРјР°РµС‚ РЅР°РїСЂСЏР¶РµРЅРёРµ, СЂР°Р·РІРёРІР°РµС‚ РєР°С‡РµСЃС‚РІР°, Р·РЅР°С‡РёС‚РµР»СЊРЅРѕ РїРѕРІС‹С€Р°РµС‚ РІС‹РЅРѕСЃР»РёРІРѕСЃС‚СЊ. РљСЂРѕРјРµ СЃРѕРІРµСЂС€РµРЅСЃС‚РІРѕРІР°РЅРёСЏ СѓРєР°Р·Р°РЅРЅС‹С… РєР°С‡РµСЃС‚РІ, Р±Р»Р°РіРѕРїСЂРёСЏС‚РЅРѕРµ РІР»РёСЏРЅРёРµ Р·Р°РєР»СЋС‡Р°РµС‚СЃСЏ РІ С„РѕСЂРјРёСЂРѕРІР°РЅРёРё Р±С‹СЃС‚СЂРѕРіРѕ РјС‹С€Р»РµРЅРёСЏ. Р’ РїСЂРѕС†РµСЃСЃРµ РёРіСЂС‹ РІ Р±Р°РґРјРёРЅС‚РѕРЅ СѓС‡Р°СЃС‚РЅРёРєР°Рј РїСЂРёС…РѕРґРёС‚СЃСЏ СЃР»РµРґРёС‚СЊ Р·Р° С‚СЂР°РµРєС‚РѕСЂРёРµР№ РІРѕР»Р°РЅС‡РёРєР°, С‡С‚Рѕ РІС‹СЃС‚СѓРїР°РµС‚ РїРѕР»РµР·РЅРѕР№ РіРёРјРЅР°СЃС‚РёРєРѕР№ РґР»СЏ РіР»Р°Р· С‡РµР»РѕРІРµРєР°.\r\nР—Р°РЅСЏС‚РёСЏ Р±Р°РґРјРёРЅС‚РѕРЅРѕРј Р±СѓРґСѓС‚ Р±Р»Р°РіРѕС‚РІРѕСЂРЅС‹ РґР»СЏ Р¶РµРЅС‰РёРЅ Р¶РµР»Р°СЋС‰РёС… РёР·Р±Р°РІРёС‚СЊСЃСЏ РѕС‚ Р»РёС€РЅРµРіРѕ РІРµСЃР°. Р”РѕРєР°Р·Р°РЅРѕ, С‡С‚Рѕ РІРѕ РІСЂРµРјСЏ РґР°РЅРЅРѕР№ РёРіСЂС‹ СѓС‡Р°СЃС‚РЅРёРє РїСЂРѕР±РµРіР°РµС‚ СЃСѓС‰РµСЃС‚РІРµРЅРЅРѕ Р±РѕР»СЊС€РµРµ СЂР°СЃСЃС‚РѕСЏРЅРёРµ, С‡РµРј С„СѓС‚Р±РѕР»РёСЃС‚ Р·Р° С‚Р°РєРѕР№ Р¶Рµ РїСЂРѕРјРµР¶СѓС‚РѕРє РІСЂРµРјРµРЅРё, Р° РёРЅС‚РµРЅСЃРёРІРЅРѕСЃС‚СЊ РЅР°РіСЂСѓР·РѕРє РІРѕ РІСЂРµРјСЏ СЂР°Р·С‹РіСЂС‹РІР°РЅРёСЏ РїР°СЂС‚РёРё С„Р°РєС‚РёС‡РµСЃРєРё С‚Р°РєР°СЏ Р¶Рµ, РєР°Рє Сѓ С…РѕРєРєРµРёСЃС‚Р° РЅР° СЃРїРѕСЂС‚РёРІРЅС‹С… СЃРѕСЂРµРІРЅРѕРІР°РЅРёСЏС…. Р’ Р±Р°РґРјРёРЅС‚РѕРЅРµ РёРјРµРµС‚СЃСЏ РІРѕР·РјРѕР¶РЅРѕСЃС‚СЊ РєРѕСЂСЂРµРєС‚РёСЂРѕРІР°С‚СЊ РїРѕРґ СЃРµР±СЏ СЃРєРѕСЂРѕСЃС‚СЊ Рё С‚РµРјРї РёРіСЂС‹. Рљ РїСЂРёРјРµСЂСѓ, РІРѕР»Р°РЅС‡РёРє РјРѕР¶РµС‚ СЃРѕРІРµСЂС€Р°С‚СЊ РЅРµСЃРїРµС€РЅС‹Р№ РїРѕР»С‘С‚, Р° РјРѕР¶РµС‚ СЂР°Р·РІРёРІР°С‚СЊ СЃРєРѕСЂРѕСЃС‚СЊ С„Р°РєС‚РёС‡РµСЃРєРё РґРѕ РґРІСѓС…СЃРѕС‚ РєРёР»РѕРјРµС‚СЂРѕРІ. РџРѕ СЌС‚РѕР№ РїСЂРёС‡РёРЅРµ, РёРіСЂР°СЏ РІ Р±Р°РґРјРёРЅС‚РѕРЅ, СЃР»РµРґСѓРµС‚ РїРѕСЃС‚РѕСЏРЅРЅРѕ Р°РєС‚РёРІРЅРѕ РґРІРёРіР°С‚СЊСЃСЏ, РїСЂРё СЌС‚РѕРј РёР·РјРµРЅСЏС‚СЊ С‚РµРјРї СЃРІРѕРµРіРѕ РїРµСЂРµРґРІРёР¶РµРЅРёСЏ. Р‘Р°РґРјРёРЅС‚РѕРЅ СЃРїРѕСЃРѕР±СЃС‚РІСѓРµС‚ С„РѕСЂРјРёСЂРѕРІР°РЅРёСЋ РїР»Р°СЃС‚РёС‡РЅС‹С… РґРІРёР¶РµРЅРёР№ Рё С‚СЂРµРЅРёСЂСѓРµС‚ РіРѕС‚РѕРІРЅРѕСЃС‚СЊ СЂРµР°РіРёСЂРѕРІР°С‚СЊ РЅР° РёР·РјРµРЅРµРЅРёСЏ СѓСЃР»РѕРІРёР№. РџРѕР»СЊР·Р° РґР»СЏ Р·РґРѕСЂРѕРІСЊСЏ СЃРѕСЃС‚РѕРёС‚ Рё РІ Р·РЅР°С‡РёС‚РµР»СЊРЅС‹С… С„РёР·РёС‡РµСЃРєРёС… РЅР°РіСЂСѓР·РєР°С… Р±Р»Р°РіРѕРґР°СЂСЏ РјРЅРѕР¶РµСЃС‚РІСѓ РєРѕСЂРѕС‚РєРёС… РїСЂРѕР±РµР¶РµРє, РїСЂС‹Р¶РєРѕРІ, РЅР°РєР»РѕРЅРѕРІ, Р° С‚Р°РєР¶Рµ СЂР°Р·РіРёР±Р°РЅРёР№. Р”Р»СЏ С‚РѕРіРѕ, С‡С‚РѕР±С‹ РёРіСЂР° РІ Р±Р°РґРјРёРЅС‚РѕРЅ РЅРµ СЃРїРѕСЃРѕР±СЃС‚РІРѕРІР°Р»Р° С‚СЂР°РІРјР°Рј, Рє РїСЂРёРјРµСЂСѓ, СѓС€РёР±Р°Рј Рё СЂР°СЃС‚СЏР¶РµРЅРёСЏРј РіРѕР»РµРЅРѕСЃС‚РѕРїРЅРѕРіРѕ СЃСѓСЃС‚Р°РІР°, РёРіСЂРѕРІР°СЏ РїР»РѕС‰Р°РґРєР° РґРѕР»Р¶РЅР° РѕР±СЏР·Р°С‚РµР»СЊРЅРѕ Р±С‹С‚СЊ СЂРѕРІРЅРѕР№, Р±РµР· РЅР°Р»РёС‡РёСЏ РІСЃСЏС‡РµСЃРєРёС… РІС‹СЃС‚СѓРїРѕРІ, СѓРіР»СѓР±Р»РµРЅРёР№. РџРѕРјРёРјРѕ С‚РѕРіРѕ, РґР»СЏ С‚СЂРµРЅРёСЂРѕРІРѕРє СЃР»РµРґСѓРµС‚ РїСЂРёРѕР±СЂРµСЃС‚Рё РїРѕР»РЅРѕС†РµРЅРЅСѓСЋ СЃРїРѕСЂС‚РёРІРЅСѓСЋ РѕР±СѓРІСЊ: РїРѕР»СѓРєРµРґС‹, РєРµРґС‹, РєСЂРѕСЃСЃРѕРІРєРё.\r\nР’ РїСЂРѕС†РµСЃСЃРµ Р·Р°РЅСЏС‚РёР№ Р±Р°РґРјРёРЅС‚РѕРЅРѕРј РЅРµ СЃР»РѕР¶РЅРѕ РґРѕР·РёСЂРѕРІР°С‚СЊ С„РёР·РёС‡РµСЃРєСѓСЋ РЅР°РіСЂСѓР·РєСѓ, С‡С‚Рѕ РЅРµСЃРѕРјРЅРµРЅРЅРѕ РѕР±СѓСЃР»Р°РІР»РёРІР°РµС‚ РїРѕР»СЊР·Сѓ. Р?РіСЂР°С‚СЊ РјРѕР¶РЅРѕ РЅР° РѕС‚РєСЂС‹С‚РѕРј РІРѕР·РґСѓС…Рµ, Р° СЌС‚Рѕ РІ СЃРІРѕСЋ РѕС‡РµСЂРµРґСЊ С„РѕСЂРјРёСЂСѓРµС‚ Р·Р°РјРµС‡Р°С‚РµР»СЊРЅС‹Рµ СѓСЃР»РѕРІРёСЏ РґР»СЏ РЅР°СЃС‹С‰РµРЅРёСЏ РѕСЂРіР°РЅРёР·РјР° РєРёСЃР»РѕСЂРѕРґРѕРј РІРѕ РІСЂРµРјСЏ РґРІРёРіР°С‚РµР»СЊРЅРѕР№ Р°РєС‚РёРІРЅРѕСЃС‚Рё.\r\nР”Р°РЅРЅСѓСЋ РёРіСЂСѓ РјРѕР¶РЅРѕ РїСЂРёРјРµРЅРёС‚СЊ РІ РєР°С‡РµСЃС‚РІРµ РѕР·РґРѕСЂРѕРІРёС‚РµР»СЊРЅРѕРіРѕ, Р° С‚Р°РєР¶Рµ РЅРµРёРјРѕРІРµСЂРЅРѕ РёРЅС‚РµСЂРµСЃРЅРѕРіРѕ СЂР°Р·РІР»РµС‡РµРЅРёСЏ РІРѕ РІСЂРµРјСЏ РѕС‚РґС‹С…Р° РІСЃРµР№ СЃРµРјСЊРµР№, РІРѕ РІСЂРµРјСЏ РїСЂРёРІР°Р»Р° РІ РїСЂРѕС†РµСЃСЃРµ С‚СѓСЂРёСЃС‚РёС‡РµСЃРєРѕРіРѕ РїРѕС…РѕРґР° РёР»Рё РїСЂРѕСЃС‚Рѕ РЅР° РѕР±С‹С‡РЅРѕР№ РїСЂРѕРіСѓР»РєРµ, РіР»Р°РІРЅРѕРµ СЌС‚Рѕ Р¶РµР»Р°РЅРёРµ Р±С‹С‚СЊ Р·РґРѕСЂРѕРІС‹Рј Рё РІРµСЃС‚Рё Р°РєС‚РёРІРЅС‹Р№ РѕР±СЂР°Р· Р¶РёР·РЅРё. РўР°РєРѕРіРѕ СЂРѕРґР° РґРІРёРіР°С‚РµР»СЊРЅР°СЏ Р°РєС‚РёРІРЅРѕСЃС‚СЊ СЃРїРѕСЃРѕР±РЅР° РѕР±РµСЃРїРµС‡РёС‚СЊ РїРѕСЏРІР»РµРЅРёРµ РїРѕР»РѕР¶РёС‚РµР»СЊРЅС‹С… СЌРјРѕС†РёР№ Рё СЃСѓС‰РµСЃС‚РІРµРЅРЅРѕ СѓР»СѓС‡С€РёС‚СЊ СЃР°РјРѕС‡СѓРІСЃС‚РІРёРµ, Р° СЃ РЅРёРј Рё РЅР°СЃС‚СЂРѕРµРЅРёРµ. Р—РЅР°С‡РёРјСѓСЋ РїРѕР»СЊР·Сѓ РґР»СЏ Р·РґРѕСЂРѕРІСЊСЏ РѕС‚ РёРіСЂС‹ РІ Р±Р°РґРјРёРЅС‚РѕРЅ РјРѕРіСѓС‚ РїРѕР»СѓС‡РёС‚СЊ РІСЃРµ Р»СЋРґРё, РґР°Р¶Рµ РёРјРµСЋС‰РёРµ РЅР°СЂСѓС€РµРЅРёСЏ С„СѓРЅРєС†РёРѕРЅРёСЂРѕРІР°РЅРёСЏ РѕСЂРіР°РЅРѕРІ РґС‹С…Р°РЅРёСЏ,СЃРµСЂРґРµС‡РЅРѕ-СЃРѕСЃСѓРґРёСЃС‚РѕР№ СЃРёСЃС‚РµРјС‹, Р° С‚Р°РєР¶Рµ РѕРїРѕСЂРЅРѕ-РґРІРёРіР°С‚РµР»СЊРЅРѕРіРѕ Р°РїРїР°СЂР°С‚Р°. РќРѕ РїСЂРё РІСЃРµРј СЌС‚РѕРј СЃР»РµРґСѓРµС‚ РїРѕРјРЅРёС‚СЊ, С‡С‚Рѕ С‡СЂРµР·РјРµСЂРЅРѕ Р°РєС‚РёРІРЅС‹Рµ С‚СЂРµРЅРёСЂРѕРІРєРё РїСЂРё РЅР°Р»РёС‡РёРё РѕРїСЂРµРґРµР»РµРЅРЅС‹С… РїСЂРѕР±Р»РµРј СЃРѕ Р·РґРѕСЂРѕРІСЊРµРј РїРѕР»РЅРѕСЃС‚СЊСЋ РїСЂРѕС‚РёРІРѕРїРѕРєР°Р·Р°РЅС‹, РїРѕ СЌС‚РѕР№ РїСЂРёС‡РёРЅРµ СЃ С†РµР»СЊСЋ СЃРЅРёР¶РµРЅРёСЏ СѓСЂРѕРІРЅСЏ РЅР°РіСЂСѓР·РѕРє РЅР°СЃС‚РѕСЏС‚РµР»СЊРЅРѕ СЃРѕРІРµС‚СѓСЋС‚ РёРіСЂР°С‚СЊ РІ Р±Р°РґРјРёРЅС‚РѕРЅ Р±РµР· РїСЂРёРјРµРЅРµРЅРёСЏ СЃРµС‚РєРё, РєРѕС‚РѕСЂР°СЏ СЂР°Р·РґРµР»СЏРµС‚ РёРіСЂРѕРІСѓСЋ РїР»РѕС‰Р°РґРєСѓ.\r\nРІРѕ РІСЂРµРјСЏ РґРІРёРіР°С‚РµР»СЊРЅРѕР№ Р°РєС‚РёРІРЅРѕСЃС‚Рё.\r\nР”Р°РЅРЅСѓСЋ РёРіСЂСѓ РјРѕР¶РЅРѕ РїСЂРёРјРµРЅРёС‚СЊ РІ РєР°С‡РµСЃС‚РІРµ РѕР·РґРѕСЂРѕРІРёС‚РµР»СЊРЅРѕРіРѕ, Р° С‚Р°РєР¶Рµ РЅРµРёРјРѕРІРµСЂРЅРѕ РёРЅС‚РµСЂРµСЃРЅРѕРіРѕ СЂР°Р·РІР»РµС‡РµРЅРёСЏ РІРѕ РІСЂРµРјСЏ РѕС‚РґС‹С…Р° РІСЃРµР№ СЃРµРјСЊРµР№, РІРѕ РІСЂРµРјСЏ РїСЂРёРІР°Р»Р° РІ РїСЂРѕС†РµСЃСЃРµ С‚СѓСЂРёСЃС‚РёС‡РµСЃРєРѕРіРѕ РїРѕС…РѕРґР° РёР»Рё РїСЂРѕСЃС‚Рѕ РЅР° РѕР±С‹С‡РЅРѕР№ РїСЂРѕРіСѓР»РєРµ, РіР»Р°РІРЅРѕРµ СЌС‚Рѕ Р¶РµР»Р°РЅРёРµ Р±С‹С‚СЊ Р·РґРѕСЂРѕРІС‹Рј Рё РІРµСЃС‚Рё Р°РєС‚РёРІРЅС‹Р№ РѕР±СЂР°Р· Р¶РёР·РЅРё. РўР°РєРѕРіРѕ СЂРѕРґР° РґРІРёРіР°С‚РµР»СЊРЅР°СЏ Р°РєС‚РёРІРЅРѕСЃС‚СЊ СЃРїРѕСЃРѕР±РЅР° РѕР±РµСЃРїРµС‡РёС‚СЊ РїРѕСЏРІР»РµРЅРёРµ РїРѕР»РѕР¶РёС‚РµР»СЊРЅС‹С… СЌРјРѕС†РёР№ Рё СЃСѓС‰РµСЃС‚РІРµРЅРЅРѕ СѓР»СѓС‡С€РёС‚СЊ СЃР°РјРѕС‡СѓРІСЃС‚РІРёРµ, Р° СЃ РЅРёРј Рё РЅР°СЃС‚СЂРѕРµРЅРёРµ. Р—РЅР°С‡РёРјСѓСЋ РїРѕР»СЊР·Сѓ РґР»СЏ Р·РґРѕСЂРѕРІСЊСЏ РѕС‚ РёРіСЂС‹ РІ Р±Р°РґРјРёРЅС‚РѕРЅ РјРѕРіСѓС‚ РїРѕР»СѓС‡РёС‚СЊ РІСЃРµ Р»СЋРґРё, РґР°Р¶Рµ РёРјРµСЋС‰РёРµ РЅР°СЂСѓС€РµРЅРёСЏ С„СѓРЅРєС†РёРѕРЅРёСЂРѕРІР°РЅРёСЏ РѕСЂРіР°РЅРѕРІ РґС‹С…Р°РЅРёСЏ,СЃРµСЂРґРµС‡РЅРѕ-СЃРѕСЃСѓРґРёСЃС‚РѕР№ СЃРёСЃС‚РµРјС‹, Р° С‚Р°РєР¶Рµ РѕРїРѕСЂРЅРѕ-РґРІРёРіР°С‚РµР»СЊРЅРѕРіРѕ Р°РїРїР°СЂР°С‚Р°. РќРѕ РїСЂРё РІСЃРµРј СЌС‚РѕРј СЃР»РµРґСѓРµС‚ РїРѕРјРЅРёС‚СЊ, С‡С‚Рѕ С‡СЂРµР·РјРµСЂРЅРѕ Р°РєС‚РёРІРЅС‹Рµ С‚СЂРµРЅРёСЂРѕРІРєРё РїСЂРё РЅР°Р»РёС‡РёРё РѕРїСЂРµРґРµР»РµРЅРЅС‹С… РїСЂРѕР±Р»РµРј СЃРѕ Р·РґРѕСЂРѕРІСЊРµРј РїРѕР»РЅРѕСЃС‚СЊСЋ РїСЂРѕС‚РёРІРѕРїРѕРєР°Р·Р°РЅС‹, РїРѕ СЌС‚РѕР№ РїСЂРёС‡РёРЅРµ СЃ С†РµР»СЊСЋ СЃРЅРёР¶РµРЅРёСЏ СѓСЂРѕРІРЅСЏ РЅР°РіСЂСѓР·РѕРє РЅР°СЃС‚РѕСЏС‚РµР»СЊРЅРѕ СЃРѕРІРµС‚СѓСЋС‚ РёРіСЂР°С‚СЊ РІ Р±Р°РґРјРёРЅС‚РѕРЅ Р±РµР· РїСЂРёРјРµРЅРµРЅРёСЏ СЃРµС‚РєРё, РєРѕС‚РѕСЂР°СЏ СЂР°Р·РґРµР»СЏРµС‚ РёРіСЂРѕРІСѓСЋ РїР»РѕС‰Р°РґРєСѓ.', 'a', 1, '05:18 07.06.15'),
(15, '&rarr;Р‘РђР”РњР?РќРўРћРќ - РЎРџРћР Рў Р?Р›Р? Р—РђР‘РђР’Рђ?', 'РњРЅРѕРіРёРµ Р»СЋРґРё СЃРёР»СЊРЅРѕ СѓРґРёРІСЏС‚СЃСЏ, РµСЃР»Рё СѓР·РЅР°СЋС‚ С‡С‚Рѕ Р±Р°РґРјРёРЅС‚РѕРЅ вЂ“ СЌС‚Рѕ РїСЂРѕС„РµСЃСЃРёРѕРЅР°Р»СЊРЅС‹Р№ Рё РѕР»РёРјРїРёР№СЃРєРёР№ РІРёРґ СЃРїРѕСЂС‚Р°, Р° РЅРµ РїСЂРѕСЃС‚Рѕ Р·Р°Р±Р°РІРЅРѕРµ СЂР°Р·РІР»РµС‡РµРЅРёРµ', 'Р?СЃС‚РѕСЂРёСЏ\r\n\r\n     Р?СЃС‚РѕСЂРёСЏ Р±Р°РґРјРёРЅС‚РѕРЅР° Р±РµСЂРµС‚ СЃРІРѕРµ РЅР°С‡Р°Р»Рѕ РІ XIX-Рј РІРµРєРµ, РєРѕРіРґР° Р°РЅРіР»РёР№СЃРєРёРµ РІРѕРµРЅРЅС‹Рµ РѕС„РёС†РµСЂС‹, СЃР»СѓР¶РёРІС€РёРµ РІ Р?РЅРґРёРё, СѓРІР»РµРєР»РёСЃСЊ СЃС‚Р°СЂРёРЅРЅРѕР№ РёРЅРґРёР№СЃРєРѕР№ РёРіСЂРѕР№ В«РїСѓРЅСЌВ», РєРѕС‚РѕСЂР°СЏ РІРѕ РјРЅРѕРіРѕРј РЅР°РїРѕРјРёРЅР°РµС‚ СЃРѕРІСЂРµРјРµРЅРЅСѓСЋ РёРіСЂСѓ Р±Р°РґРјРёРЅС‚РѕРЅ. РЎРєРѕСЂРѕ РёРіСЂР° РїРѕСЏРІРёР»Р°СЃСЊ РІ РђРЅРіР»РёРё, РіРґРµ РѕРЅР° РѕС‡РµРЅСЊ Р±С‹СЃС‚СЂРѕ РїСЂРёРѕР±СЂРµР»Р° Р±РѕР»СЊС€СѓСЋ РїРѕРїСѓР»СЏСЂРЅРѕСЃС‚СЊ. РЎРѕРІСЂРµРјРµРЅРЅРѕРµ РЅР°Р·РІР°РЅРёРµ РёРіСЂС‹ РїСЂРѕРёСЃС…РѕРґРёС‚ РѕС‚ СЃС‚Р°СЂРёРЅРЅРѕР№ СѓСЃР°РґСЊР±С‹ Р‘Р°РґРјРёРЅС‚РѕРЅ-С…Р°СѓСЃ, РІР»Р°РґРµР»РµС† РєРѕС‚РѕСЂРѕР№, РёР·РІРµСЃС‚РЅС‹Р№ РїРѕРїСѓР»СЏСЂРёР·Р°С‚РѕСЂ, Р°РІС‚РѕСЂ Рё РёР·РґР°С‚РµР»СЊ РєРЅРёРі Рѕ СЂР°Р·Р»РёС‡РЅС‹С… РІРёРґР°С… СЃРїРѕСЂС‚Р°, РіРµСЂС†РѕРі Р‘РѕС„РѕСЂС‚, РІ 1873 РіРѕРґСѓ РїРµСЂРІС‹Рј СЃРѕРѕСЂСѓРґРёР» РїР»РѕС‰Р°РґРєСѓ РґР»СЏ РёРіСЂС‹ РІ Р±Р°РґРјРёРЅС‚РѕРЅ. Р’ СЃРєРѕСЂРѕРј РІСЂРµРјРµРЅРё РїРѕСЏРІР»СЏРµС‚СЃСЏ Р°СЃСЃРѕС†РёР°С†РёСЏ Р±Р°РґРјРёРЅС‚РѕРЅР° РђРЅРіР»РёРё Рё РІ 1893 РіРѕРґСѓ РІС‹РїСѓСЃРєР°РµС‚СЃСЏ РїРµСЂРІС‹Р№ СЂРµРіР»Р°РјРµРЅС‚ РѕС„РёС†РёР°Р»СЊРЅС‹С… РїСЂР°РІРёР» РёРіСЂС‹.\r\n\r\nР’ 1934 РіРѕРґСѓ РІРѕР·РЅРёРєР°РµС‚ Р’СЃРµРјРёСЂРЅР°СЏ С„РµРґРµСЂР°С†РёСЏ Р±Р°РґРјРёРЅС‚РѕРЅР°. РЎ 1947 РіРѕРґР° РїСЂРѕРІРѕРґРёС‚СЃСЏ РєСЂСѓРїРЅРµР№С€РµРµ РєРѕРјР°РЅРґРЅРѕРµ СЃРѕСЂРµРІРЅРѕРІР°РЅРёРµ СЃСЂРµРґРё РјСѓР¶С‡РёРЅ (С„Р°РєС‚РёС‡РµСЃРєРё С‡РµРјРїРёРѕРЅР°С‚ РјРёСЂР°) - РљСѓР±РѕРє РўРѕРјР°СЃР°, Р° РІ 1955 РіРѕРґСѓ РІРїРµСЂРІС‹Рµ РїСЂРѕРІРѕРґРёС‚СЃСЏ Р°РЅР°Р»РѕРіРёС‡РЅРѕРµ СЃРѕСЂРµРІРЅРѕРІР°РЅРёРµ СЃСЂРµРґРё Р¶РµРЅС‰РёРЅ - РљСѓР±РѕРє РЈР±РµСЂ. РЎ 1992 РіРѕРґР° Р±Р°РґРјРёРЅС‚РѕРЅ СЏРІР»СЏРµС‚СЃСЏ РѕР»РёРјРїРёР№СЃРєРёРј РІРёРґРѕРј СЃРїРѕСЂС‚Р°.\r\n\r\nР?РіСЂР° РІ Р±Р°РґРјРёРЅС‚РѕРЅ\r\n\r\nРЎРјС‹СЃР» РёРіСЂС‹ РІ Р±Р°РґРјРёРЅС‚РѕРЅ Р·Р°РєР»СЋС‡Р°РµС‚СЃСЏ РІ С‚РѕРј, С‡С‚РѕР±С‹ СЃ РїРѕРјРѕС‰СЊСЋ СЂР°РєРµС‚РєРё РїРµСЂРµРєРёРЅСѓС‚СЊ РІРѕР»Р°РЅ С‡РµСЂРµР· СЃРµС‚РєСѓ РЅР° РїРѕР»РѕРІРёРЅСѓ СЃРѕРїРµСЂРЅРёРєР°. РћС‚РјРµС‚РёРј С‡С‚Рѕ СЌС‚Рё РїСЂР°РІРёР»Р° РѕР±СЏР·Р°С‚РµР»СЊРЅС‹ Р»РёС€СЊ РґР»СЏ РїСЂРѕС„РµСЃСЃРёРѕРЅР°Р»РѕРІ, Р° РєРѕРіРґР° РґРµР»Рѕ РєР°СЃР°РµС‚СЃСЏ РёРіСЂС‹ Р»СЋР±РёС‚РµР»РµР№, С‚Рѕ РЅР°Р»РёС‡РёРµ СЃРµС‚РєРё Рё РїР»РѕС‰Р°РґРєРё СЃРѕРІСЃРµРј РЅРµ РѕР±СЏР·Р°С‚РµР»СЊРЅРѕ, Р° СЃР°РјР° РёРіСЂР° СЃРІРѕРґРёС‚СЃСЏ Рє С‚РѕРјСѓ, С‡С‚РѕР±С‹ СѓРґРµСЂР¶Р°С‚СЊ РІРѕР»Р°РЅ РІ РІРѕР·РґСѓС…Рµ РєР°Рє РјРѕР¶РЅРѕ Р±РѕР»РµРµ РґР»РёС‚РµР»СЊРЅС‹Р№ РїРµСЂРёРѕРґ.\r\n\r\nРџСЂР°РІРёР»Р° РёРіСЂС‹\r\n\r\nРќРѕ РґР°РІР°Р№С‚Рµ РІРµСЂРЅРµРјСЃСЏ Рє РїСЂР°РІРёР»Р°Рј. Р’ Р±Р°РґРјРёРЅС‚РѕРЅ РјРѕР¶РЅРѕ РёРіСЂР°С‚СЊ Р»РёР±Рѕ РІРґРІРѕРµРј, РґСЂСѓРі РїСЂРѕС‚РёРІ РґСЂСѓРіР°, Р»РёР±Рѕ РїР°СЂР° РЅР° РїР°СЂСѓ. Р?РіСЂР° РїСЂРѕС…РѕРґРёС‚ РЅР° РїР»РѕС‰Р°РґРєРµ (СЂР°Р·РјРµСЂРѕРј 13,4 РЅР° 5,18 РјРµС‚СЂРѕРІ), СЂР°Р·РґРµР»С‘РЅРЅРѕР№ СЃРµС‚РєРѕР№ (СЂР°СЃРїРѕР»РѕР¶РµРЅРЅРѕР№ РЅР° РІС‹СЃРѕС‚Рµ 1,55 РјРµС‚СЂР°), РїРѕ РѕР±Рµ СЃС‚РѕСЂРѕРЅС‹ РѕС‚ РєРѕС‚РѕСЂРѕР№ СЂР°СЃРїРѕР»Р°РіР°СЋС‚СЃСЏ РїСЂРѕС‚РёРІРЅРёРєРё. Р—Р°РґР°С‡Р° РєР°Р¶РґРѕРіРѕ РёР· РёРіСЂРѕРєРѕРІ - РїРµСЂРµРєРёРЅСѓС‚СЊ РІРѕР»Р°РЅ С‡РµСЂРµР· СЃРµС‚РєСѓ С‚Р°Рє, С‡С‚РѕР±С‹ С‚РѕС‚ РєРѕСЃРЅСѓР»СЃСЏ Р·РµРјР»Рё РІ РїСЂРµРґРµР»Р°С… РїРѕР»РѕРІРёРЅС‹ РїСЂРѕС‚РёРІРЅРёРєР° Рё РІ СЃРІРѕСЋ РѕС‡РµСЂРµРґСЊ РЅРµ РґРѕРїСѓСЃС‚РёС‚СЊ РїР°РґРµРЅРёСЏ РјСЏС‡Р° РЅР° СЃРІРѕРµР№ СЃС‚РѕСЂРѕРЅРµ. РџР°СЂС‚РёСЏ РІРµРґС‘С‚СЃСЏ РґРѕ 21 РѕС‡РєР°; РїСЂРё СЃС‡С‘С‚Рµ 20:20 РёРіСЂР° РїСЂРѕРґРѕР»Р¶Р°РµС‚СЃСЏ РґРѕ РїСЂРµРІРѕСЃС…РѕРґСЃС‚РІР° РѕРґРЅРѕРіРѕ РёР· СЃРѕРїРµСЂРЅРёРєРѕРІ РІ 2 РѕС‡РєР° Р»РёР±Рѕ РґРѕ 30 (РІС‹РёРіСЂС‹РІР°РµС‚ С‚РѕС‚ РёРіСЂРѕРє, РєС‚Рѕ, РїРµСЂРІС‹Рј РЅР°Р±РёСЂР°РµС‚ 30 РѕС‡РєРѕРІ). Р?РіСЂР° РІРµРґРµС‚СЃСЏ РІ РґРІРµ РїР°СЂС‚РёРё, Р° РІ СЃР»СѓС‡Р°Рµ СЂР°РІРЅРѕРіРѕ СЃС‡РµС‚Р° РёРіСЂР°РµС‚СЃСЏ С‚СЂРµС‚СЊСЏ РїР°СЂС‚РёСЏ.\r\n\r\nРњРЅРѕРіРёРµ Р·Р° СЃС…РѕР¶РµСЃС‚СЊ СЃ С‚РµРЅРЅРёСЃРѕРј РЅР°Р·С‹РІР°СЋС‚ Р±Р°РґРјРёРЅС‚РѕРЅ РµРіРѕ В«РјР»Р°РґС€РёРј Р±СЂР°С‚РѕРјВ», С…РѕС‚СЏ СЃ С‚РѕС‡РєРё Р·СЂРµРЅРёСЏ С„РёР·РёС‡РµСЃРєРёС… РЅР°РіСЂСѓР·РѕРє РІСЃРµ СЃРѕРІСЃРµРј РЅР°РѕР±РѕСЂРѕС‚. РќРµСЃРјРѕС‚СЂСЏ РЅР° С‚Рѕ, С‡С‚Рѕ СЃСЂРµРґРЅСЏСЏ РїСЂРѕРґРѕР»Р¶РёС‚РµР»СЊРЅРѕСЃС‚СЊ РёРіСЂС‹ РІ С‚РµРЅРЅРёСЃ СЃРѕСЃС‚Р°РІР»СЏРµС‚ 3 С‡Р°СЃР° Рё 18 РјРёРЅСѓС‚, Р° РґР»СЏ РёРіСЂС‹ РІ Р±Р°РґРјРёРЅС‚РѕРЅ СЌС‚Рѕ РІСЂРµРјСЏ СЃРѕСЃС‚Р°РІР»СЏРµС‚ Р»РёС€СЊ 1 С‡Р°СЃ Рё 16 РјРёРЅСѓС‚, СЃСЂРµРґРЅСЏСЏ РґРёСЃС‚Р°РЅС†РёСЏ, РєРѕС‚РѕСЂСѓСЋ РїСЂРµРѕРґРѕР»РµРІР°РµС‚ СЃРїРѕСЂС‚СЃРјРµРЅ Р·Р° РёРіСЂСѓ, СЃРѕСЃС‚Р°РІР»СЏРµС‚ 6 РєРј РІ Р±Р°РґРјРёРЅС‚РѕРЅРµ Рё РІСЃРµРіРѕ 3 РєРј РїСЂРё РёРіСЂРµ РІ С‚РµРЅРЅРёСЃ. РЎС…РѕР¶Р°СЏ СЃРёС‚СѓР°С†РёСЏ СЃ СѓРґР°СЂР°РјРё РїРѕ РјСЏС‡Сѓ/РІРѕР»Р°РЅСѓвЂ“ РІ Р±Р°РґРјРёРЅС‚РѕРЅРµ РёС… С‡Р°СЃС‚РѕС‚Р° РІ 2 СЂР°Р·Р° РІС‹С€Рµ.\r\n\r\nР­РєРёРїРёСЂРѕРІРєР°\r\n\r\nР Р°РєРµС‚РєРё РґР»СЏ Р±Р°РґРјРёРЅС‚РѕРЅР°\r\n\r\nР’СЃРµ РјРѕРґРµР»Рё СЂР°РєРµС‚РѕРє СѓСЃР»РѕРІРЅРѕ СЂР°Р·РґРµР»СЏСЋС‚ РЅР° РґРІРµ РіСЂСѓРїРїС‹: РїСЂРѕС„РµСЃСЃРёРѕРЅР°Р»СЊРЅС‹Рµ Рё Р»СЋР±РёС‚РµР»СЊСЃРєРёРµ. Р“Р»Р°РІРЅРѕРµ РѕС‚Р»РёС‡РёРµ РјРµР¶РґСѓ РЅРёРјРё вЂ“ РІ РєР°С‡РµСЃС‚РІРµ Рё РµСЃС‚РµСЃС‚РІРµРЅРЅРѕ РІ С†РµРЅРµ. РџСЂРѕС„РµСЃСЃРёРѕРЅР°Р»СЊРЅС‹Рµ СЂР°РєРµС‚РєРё РѕР±Р»Р°РґР°СЋС‚ Р»СѓС‡С€РёРјРё РёРіСЂРѕРІС‹РјРё РєР°С‡РµСЃС‚РІР°РјРё, РіРѕСЂР°Р·РґРѕ РїСЂРѕС‡РЅРµРµ Рё РѕРґРЅРѕРІСЂРµРјРµРЅРЅРѕ Р»РµРіС‡Рµ, Р° С†РµРЅС‹ РЅР° РЅРёС… СЃРѕРѕС‚РІРµС‚СЃС‚РІРµРЅРЅРѕ РІС‹С€Рµ.\r\n\r\nР?РіСЂРѕРІС‹Рµ РєР°С‡РµСЃС‚РІР°, РїСЂРѕС‡РЅРѕСЃС‚СЊ Рё РІРµСЃ СЂР°РєРµС‚РєРё РЅР°РїСЂСЏРјСѓСЋ Р·Р°РІРёСЃСЏС‚ РѕС‚ РјР°С‚РµСЂРёР°Р»РѕРІ РёР· РєРѕС‚РѕСЂС‹С… РѕРЅР° РёР·РіРѕС‚РѕРІР»РµРЅР° Рё РѕС‚ СЃР°РјРѕР№ С‚РµС…РЅРѕР»РѕРіРёРё РїСЂРѕРёР·РІРѕРґСЃС‚РІР°. Р‘РѕР»СЊС€РёРЅСЃС‚РІРѕ РїСЂРѕС„РµСЃСЃРёРѕРЅР°Р»СЊРЅС‹С… СЂР°РєРµС‚РѕРє РёР·РіРѕС‚Р°РІР»РёРІР°СЋС‚ РёР· СЂР°Р·РЅС‹С… РІРёРґРѕРІ РіСЂР°С„РёС‚Р° СЃ РїСЂРёРјРµРЅРµРЅРёРµРј РєРѕРјРїРѕР·РёС‚РЅС‹С… РјР°С‚РµСЂРёР°Р»РѕРІ, С‚РѕРіРґР° РєР°Рє Р»СЋР±РёС‚РµР»СЊСЃРєРёРµ СЂР°РєРµС‚РєРё С‡Р°С‰Рµ РёР·РіРѕС‚Р°РІР»РёРІР°СЋС‚СЃСЏ Р»РёР±Рѕ С‚Р°РєР¶Рµ РёР· СѓРіР»РµСЂРѕРґР° (РЅРѕ Р±РѕР»РµРµ РЅРёР·РєРѕРіРѕ РєР°С‡РµСЃС‚РІР°), Р»РёР±Рѕ РёР· РјРµС‚Р°Р»Р° (СЃС‚Р°Р»СЊ, Р°Р»СЋРјРёРЅРёР№). Р’РµСЃ СЂР°РєРµС‚РєРё РєРѕР»РµР±Р»РµС‚СЃСЏ РѕС‚ 80 РґРѕ 150 РіСЂР°РјРјРѕРІ, РїСЂРёС‡РµРј РїСЂРѕС„РµСЃСЃРёРѕРЅР°Р»СЊРЅС‹Рµ СЂР°РєРµС‚РєРё РёРјРµСЋС‚ РїСЂРёРјРµСЂРЅРѕ РѕРґРёРЅР°РєРѕРІСѓСЋ РјР°СЃСЃСѓ ( РѕРєРѕР»Рѕ 90 вЂ“ 95 РіСЂР°РјРј ), С‚РѕРіРґР° РєР°Рє Р»СЋР±РёС‚РµР»СЊСЃРєРёРµ РјРѕРіСѓС‚ РёРјРµС‚СЊ Р±РѕР»РµРµ С€РёСЂРѕРєРёР№ РґРёР°РїР°Р·РѕРЅ Р·РЅР°С‡РµРЅРёР№.\r\n\r\nР’РѕР»Р°РЅ\r\n\r\nР’РѕР»Р°РЅС‹ РґР»СЏ РёРіСЂС‹ РІ Р±Р°РґРјРёРЅС‚РѕРЅ РІ Р·Р°РІРёСЃРёРјРѕСЃС‚Рё РѕС‚ РјР°С‚РµСЂРёР°Р»Р° РёР· РєРѕС‚РѕСЂРѕРіРѕ РёР·РіРѕС‚Р°РІР»РёРІР°СЋС‚СЃСЏ. Р±С‹РІР°СЋС‚ РґРІСѓС… С‚РёРїРѕРІ: РїР»Р°СЃС‚РёРєРѕРІС‹Рµ Рё РїРµСЂСЊРµРІС‹Рµ. Р’СЃРµ РїСЂРѕС„РµСЃСЃРёРѕРЅР°Р»СЊРЅС‹Рµ РёРіСЂРѕРєРё С‚СЂРµРЅРёСЂСѓСЋС‚СЃСЏ Рё РёРіСЂР°СЋС‚ РёСЃРєР»СЋС‡РёС‚РµР»СЊРЅРѕ РїРµСЂСЊРµРІС‹РјРё РІРѕР»Р°РЅР°РјРё, С‚РѕРіРґР° РєР°Рє РїР»Р°СЃС‚РёРєРѕРІС‹Рµ вЂ“ СѓРґРµР» Р»СЋР±РёС‚РµР»РµР№.\r\n\r\nР’РѕР»Р°РЅ РґР»СЏ Р±Р°РґРјРёРЅС‚РѕРЅР°\r\n\r\nРЎРѕРІСЂРµРјРµРЅРЅС‹Р№ РїРµСЂСЊРµРІРѕР№ РІРѕР»Р°РЅ СЃРѕСЃС‚РѕРёС‚ РёР· 16 С‚С‰Р°С‚РµР»СЊРЅРѕ РѕС‚РѕР±СЂР°РЅРЅС‹С… РЅР°С‚СѓСЂР°Р»СЊРЅС‹С… РіСѓСЃРёРЅС‹С… РїРµСЂСЊРµРІ, РІСЃС‚Р°РІР»РµРЅРЅС‹С… РІ . РІ РїСЂРѕР±РєСѓ, РѕР±С‚СЏРЅСѓС‚СѓСЋ Р»Р°Р№РєРѕР№. Р’Рѕ РІСЂРµРјСЏ РёРіСЂС‹ РїРµСЂСЊСЏ РґРѕР»Р¶РЅС‹ Р±С‹С‚СЊ РІР»Р°Р¶РЅС‹РјРё, РёРЅР°С‡Рµ РѕРЅРё Р±С‹СЃС‚СЂРѕ Р»РѕРјР°СЋС‚СЃСЏ. Р’РµСЃ РїРµСЂСЊРµРІРѕРіРѕ РІРѕР»Р°РЅР° РґРѕР»Р¶РµРЅ РЅР°С…РѕРґРёС‚СЊСЃСЏ РІ РїСЂРµРґРµР»Р°С… 4,7 вЂ“ 5,2 РіСЂР°РјРјР°, С‚Р°Рє РєР°Рє РѕС‚ РЅРµРіРѕ СЃРёР»СЊРЅРѕ Р·Р°РІРёСЃРёС‚ РґР»РёС‚РµР»СЊРЅРѕСЃС‚СЊ РїРѕР»РµС‚Р° (РєР°Р¶РґС‹Рµ Р»РёС€РЅРёРµ 0,1 РіСЂР°РјРјР° РІРµСЃР° РІРѕР»Р°РЅР° СѓРІРµР»РёС‡РёРІР°СЋС‚ РґР»РёС‚РµР»СЊРЅРѕСЃС‚СЊ РїРѕР»РµС‚Р° РЅР° 10 СЃРј). Р’ СЃСЂР°РІРЅРµРЅРёРё СЃ СЃРёРЅС‚РµС‚РёС‡РµСЃРєРёРјРё Сѓ РїРµСЂСЊРµРІС‹С… РІРѕР»Р°РЅРѕРІ Р±РѕР»РµРµ РїСЂРµРґСЃРєР°Р·СѓРµРјР°СЏ Рё С‚РѕС‡РЅР°СЏ С‚СЂР°РµРєС‚РѕСЂРёСЏ РїРѕР»РµС‚Р°, РЅРѕ РѕРЅРё РјРµРЅРµРµ РґРѕР»РіРѕРІРµС‡РЅС‹ Рё Р±РѕР»РµРµ РґРѕСЂРѕРіРёРµ.\r\n\r\nРџР»Р°СЃС‚РёРєРѕРІС‹Рµ РІРѕР»Р°РЅС‹ РѕС‚Р»РёС‡Р°СЋС‚СЃСЏ РїРѕ СЃРєРѕСЂРѕСЃС‚Рё Рё С†РІРµС‚Р°Рј. РЎРєРѕСЂРѕСЃС‚СЊ РІРѕР»Р°РЅР° РјРѕР¶РЅРѕ РѕРїСЂРµРґРµР»РёС‚СЊ РїРѕ С†РІРµС‚Сѓ РѕРєР°РЅС‚РѕРІРѕС‡РЅРѕР№ Р»РµРЅС‚С‹ РЅР° РіРѕР»РѕРІРєРµ РІРѕР»Р°РЅР°. Р—РµР»РµРЅР°СЏ СЃРѕРѕС‚РІРµС‚СЃС‚РІСѓРµС‚ РјРµРґР»РµРЅРЅРѕРјСѓ РІРѕР»Р°РЅСѓ, СЃРёРЅСЏСЏ вЂ“ СЃСЂРµРґРЅРµРјСѓ, Р° РєСЂР°СЃРЅР°СЏ вЂ“ Р±С‹СЃС‚СЂРѕРјСѓ. Р§Р°С‰Рµ РІСЃРµРіРѕ РІРѕР»Р°РЅС‹ РІС‹РїСѓСЃРєР°СЋС‚ РІ Р±РµР»РѕРј Рё Р¶РµР»С‚РѕРј С†РІРµС‚Р°С…. Р–РµР»С‚С‹Рµ РІРѕР»Р°РЅС‹ РёСЃРїРѕР»СЊР·СѓСЋС‚ РІ РїРѕРјРµС‰РµРЅРёСЏС… СЃ РЅРµРґРѕСЃС‚Р°С‚РѕС‡РЅС‹Рј РёР»Рё РїР»РѕС…РёРј РѕСЃРІРµС‰РµРЅРёРµРј С‚Р°Рє РєР°Рє РёС… Р»СѓС‡С€Рµ РІРёРґРЅРѕ.\r\n\r\nР­С‚Рѕ РёРЅС‚РµСЂРµСЃРЅРѕ\r\n\r\nР‘Р°РґРјРёРЅС‚РѕРЅ СЃС‡РёС‚Р°РµС‚СЃСЏ РѕРґРЅРёРј РёР· С‚СЂРµС… СЃР°РјС‹С… С‚СЏР¶РµР»С‹С… РїРѕ С„РёР·РёС‡РµСЃРєРёРј РЅР°РіСЂСѓР·РєР°Рј РёРіСЂРѕРІС‹С… РІРёРґРѕРІ СЃРїРѕСЂС‚Р°. РќРµРєРѕС‚РѕСЂС‹Рµ РїСЂРѕС„РµСЃСЃРёРѕРЅР°Р»СЊРЅС‹Рµ РёРіСЂРѕРєРё РІ Р±Р°РґРјРёРЅС‚РѕРЅ РјРѕРіСѓС‚ РёРіСЂР°С‚СЊ СЃ РїСѓР»СЊСЃРѕРј Р±РѕР»РµРµ 200 СѓРґР°СЂРѕРІ РІ РјРёРЅСѓС‚Сѓ.\r\n\r\nРџРѕСЃР»Рµ СѓРґР°СЂР° РїСЂРѕС„РµСЃСЃРёРѕРЅР°Р»СЊРЅРѕРіРѕ СЃРїРѕСЂС‚СЃРјРµРЅР° РІРѕР»Р°РЅ РјРѕР¶РµС‚ РґРѕСЃС‚РёРіР°С‚СЊ СЃРєРѕСЂРѕСЃС‚Рё 414 РєРј/С‡, С‡С‚Рѕ СЏРІР»СЏРµС‚СЃСЏ Р°Р±СЃРѕР»СЋС‚РЅС‹Рј СЂРµРєРѕСЂРґРѕРј СЃРєРѕСЂРѕСЃС‚Рё РїРѕР»С‘С‚Р° РёРіСЂРѕРІРѕРіРѕ СЃРЅР°СЂСЏРґР°.\r\n\r\nРЎР°РјС‹Р№ Р±РѕР»СЊС€РѕР№ РІ РјРёСЂРµ РІРѕР»Р°РЅ РЅР°С…РѕРґРёС‚СЃСЏ РІ РіРѕСЂРѕРґСЃРєРѕРј РјСѓР·РµРµ РљР°РЅР·Р°СЃ CРёС‚Рё (С€С‚Р°С‚ РњРёСЃСЃСѓСЂРё, РЎРЁРђ). РћРЅ РѕР±Р»Р°РґР°РµС‚ РІРЅСѓС€РёС‚РµР»СЊРЅС‹РјРё СЂР°Р·РјРµСЂР°РјРё: Р±РѕР»РµРµ 5 РјРµС‚СЂРѕРІ РІ РІС‹СЃРѕС‚Сѓ Рё РІРµСЃРёС‚ РѕРєРѕР»Рѕ 2 С‚РѕРЅРЅ.', 'a', 1, '05:19 07.06.15');
INSERT INTO `articles` (`article_id`, `article_title`, `article_prev`, `article_text`, `article_type`, `user_id`, `article_date`) VALUES
(16, '&rarr;РљР°Рє РІС‹Р±СЂР°С‚СЊ СЂР°РєРµС‚РєСѓ РґР»СЏ Р±Р°РґРјРёРЅС‚РѕРЅР°', 'Р’С‹Р±РѕСЂ СЂР°РєРµС‚РєРё РґР»СЏ Р±Р°РґРјРёРЅС‚РѕРЅР° РІРѕ РјРЅРѕРіРѕРј РїСЂРµРґРѕРїСЂРµРґРµР»СЏРµС‚ РІР°С€Рё СѓСЃРїРµС…Рё РІРѕ РІСЂРµРјСЏ РїСЂРѕРІРµРґРµРЅРёСЏ СЃРѕСЂРµРІРЅРѕРІР°РЅРёР№ РёР»Рё РїСЂРѕСЃС‚Рѕ Р»СЋР±РёС‚РµР»СЊСЃРєРѕР№ РёРіСЂС‹. РЎС‚РѕРёС‚ РѕС‚РјРµС‚РёС‚СЊ, С‡С‚Рѕ РІС‹Р±РѕСЂ РїСЂР°РІРёР»СЊРЅРѕРіРѕ СЃРїРѕСЂС‚РёРІРЅРѕРіРѕ РёРЅРІРµРЅС‚Р°СЂСЏ РјРѕР¶РЅРѕ РѕСЃСѓС‰РµСЃС‚РІРёС‚СЊ С‚РѕР»СЊРєРѕ С‚РѕРіРґР°, РєРѕРіРґР° РІС‹ РїСЂР°РІРёР»СЊРЅРѕ РѕС†РµРЅРёРІР°РµС‚Рµ РЅРµ С‚РѕР»СЊРєРѕ РµРіРѕ РїСЂРµРґРЅР°Р·РЅР°С‡РµРЅРёСЏ, РЅРѕ Рё СЃРѕР±СЃС‚РІРµРЅРЅС‹Рµ СЃРёР»С‹.', 'Р’С‹Р±РѕСЂ СЂР°РєРµС‚РєРё РґР»СЏ Р±Р°РґРјРёРЅС‚РѕРЅР° РІРѕ РјРЅРѕРіРѕРј РїСЂРµРґРѕРїСЂРµРґРµР»СЏРµС‚ РІР°С€Рё СѓСЃРїРµС…Рё РІРѕ РІСЂРµРјСЏ РїСЂРѕРІРµРґРµРЅРёСЏ СЃРѕСЂРµРІРЅРѕРІР°РЅРёР№ РёР»Рё РїСЂРѕСЃС‚Рѕ Р»СЋР±РёС‚РµР»СЊСЃРєРѕР№ РёРіСЂС‹. РЎС‚РѕРёС‚ РѕС‚РјРµС‚РёС‚СЊ, С‡С‚Рѕ РІС‹Р±РѕСЂ РїСЂР°РІРёР»СЊРЅРѕРіРѕ СЃРїРѕСЂС‚РёРІРЅРѕРіРѕ РёРЅРІРµРЅС‚Р°СЂСЏ РјРѕР¶РЅРѕ РѕСЃСѓС‰РµСЃС‚РІРёС‚СЊ С‚РѕР»СЊРєРѕ С‚РѕРіРґР°, РєРѕРіРґР° РІС‹ РїСЂР°РІРёР»СЊРЅРѕ РѕС†РµРЅРёРІР°РµС‚Рµ РЅРµ С‚РѕР»СЊРєРѕ РµРіРѕ РїСЂРµРґРЅР°Р·РЅР°С‡РµРЅРёСЏ, РЅРѕ Рё СЃРѕР±СЃС‚РІРµРЅРЅС‹Рµ СЃРёР»С‹.\r\n\r\nРњРѕР¶РЅРѕ СЂР°Р·РґРµР»РёС‚СЊ РІСЃРµ РїСЂРµРґР»Р°РіР°РµРјС‹Рµ СЂР°РєРµС‚РєРё РЅР° РґРІР° С‚РёРїР°.  РџРµСЂРІС‹Р№ РёР· РЅРёС… вЂ“ СЌС‚Рѕ РїСЂРѕС„РµСЃСЃРёРѕРЅР°Р»СЊРЅС‹Р№ РёРЅРІРµРЅС‚Р°СЂСЊ. РћРЅ С…Р°СЂР°РєС‚РµСЂРёР·СѓРµС‚СЃСЏ СЂР°Р·РІРµС‚РІР»РµРЅРЅРѕР№ СЂСѓС‡РєРѕР№. Р•СЃР»Рё СЃРѕРµРґРёРЅРµРЅРёРµ РѕР±РѕРґР° Рё СЂСѓРєРѕСЏС‚Рё Рў-РѕР±СЂР°Р·РЅРѕРµ, С‚Рѕ С‚Р°РєР°СЏ РјРѕРґРµР»СЊ РїСЂРµРґРЅР°Р·РЅР°С‡РµРЅР° С‚РѕР»СЊРєРѕ РґР»СЏ Р»СЋР±РёС‚РµР»СЊСЃРєРѕР№ РёРіСЂС‹. Р’ СЌС‚РѕР№ СЃРёС‚СѓР°С†РёРё РѕРЅР° СЃС‚Р°РЅРѕРІРёС‚СЃСЏ Р»РµРіС‡Рµ Рё РїСЂРѕС‰Рµ РІ СѓРїСЂР°РІР»РµРЅРёРё. \r\nР•СЃР»Рё РІС‹ СЂРµС€РёР»Рё РїРѕРґРѕР№С‚Рё Рє РІС‹Р±РѕСЂСѓ СЂР°РєРµС‚РєРё РґР»СЏ Р±Р°РґРјРёРЅС‚РѕРЅР° СЃ РїСЂРѕС„РµСЃСЃРёРѕРЅР°Р»СЊРЅРѕР№ С‚РѕС‡РєРё Р·СЂРµРЅРёСЏ, С‚Рѕ РІР°Рј РїРѕС‚СЂРµР±СѓРµС‚СЃСЏ СЃРѕР±Р»СЋРґР°С‚СЊ РІСЃРµ С‚СЂРµР±РѕРІР°РЅРёСЏ, РєРѕС‚РѕСЂС‹Рµ РјРѕРіСѓС‚ Р±С‹С‚СЊ РїСЂРµРґСЉСЏРІР»РµРЅС‹ Рє РёРЅРІРµРЅС‚Р°СЂСЋ СЃ С‚РѕС‡РєРё Р·СЂРµРЅРёСЏ РІР°С€РµРіРѕ РјРµС‚РѕРґР° РёРіСЂС‹. Р•СЃР»Рё РІС‹ РІСЃРµРіРґР° Р±РѕР»СЊС€Рµ РЅР°РЅРѕСЃРёС‚Рµ Р°РєС‚РёРІРЅС‹С… СѓРґР°СЂРѕРІ Р°С‚Р°РєРё, С‚Рѕ РЅРµРѕР±С…РѕРґРёРјРѕ РїСЂРµРґСѓСЃРјРѕС‚СЂРµС‚СЊ РїСЂР°РІРёР»СЊРЅС‹Р№ Р±Р°Р»Р°РЅСЃ. РћРЅ РІ СЌС‚РѕР№ СЃРёС‚СѓР°С†РёРё РґРѕР»Р¶РµРЅ Р±С‹С‚СЊ СЃРјРµС‰РµРЅ РІ РѕР±РѕРґ. Рђ РІРѕС‚ РµСЃР»Рё Р±Р°Р»Р°РЅСЃ СЃРјРµС‰РµРЅ  РІ СЂСѓС‡РєСѓ, С‚Рѕ РІС‹Р±СЂР°С‚СЊ СЂР°РєРµС‚РєСѓ С‚Р°РєРѕРіРѕ СЂРѕРґР° СЃС‚РѕРёС‚ С‚РµРј, РєС‚Рѕ РїСЂРµРґРїРѕС‡РёС‚Р°РµС‚ РЅР°РЅРѕСЃРёС‚СЊ РѕР±РѕСЂРѕРЅРёС‚РµР»СЊРЅС‹Рµ СѓРґР°СЂС‹. \r\n\r\n\r\nР”Р»РёРЅР° СЂСѓС‡РєРё С‚РѕР¶Рµ РіРѕРІРѕСЂРёС‚ Рѕ РјРЅРѕРіРѕРј. Р•СЃР»Рё СЂСѓС‡РєР° РґР»РёРЅРЅР°СЏ, С‚Рѕ РµР№ Р±СѓРґРµС‚ Р·РЅР°С‡РёС‚РµР»СЊРЅРѕ СЃР»РѕР¶РЅРµРµ СѓРїСЂР°РІР»СЏС‚СЊ. РћС‚ СЌС‚РѕРіРѕ РјРѕР¶РµС‚ СѓСЃС‚Р°С‚СЊ СЂСѓРєР°, Р° С‚Р°РєР¶Рµ РёРјРµРµС‚СЃСЏ РІРѕР·РјРѕР¶РЅРѕСЃС‚СЊ РїРѕР»СѓС‡РµРЅРёСЏ С‚СЂР°РІРј РІРѕ РІСЂРµРјСЏ РїСЂРѕРІРµРґРµРЅРёСЏ СЃРѕСЂРµРІРЅРѕРІР°РЅРёР№ Рё Р°РєС‚РёРІРЅС‹С… С‚СЂРµРЅРёСЂРѕРІРѕРє. РџСЂРё РєРѕСЂРѕС‚РєРѕР№ СЂСѓРєРѕСЏС‚Рё СЃРѕРѕР±С‰Р°РµС‚СЃСЏ Р±РѕР»СЊС€РµРµ РєРѕР»РёС‡РµСЃС‚РІРѕ РІРёР±СЂР°С†РёР№, С‡С‚Рѕ С‚РѕР¶Рµ РІСЂРµРґРёС‚ СЂСѓРєРµ, РЅРѕ С‚Р°РєРёРј РёРЅРІРµРЅС‚Р°СЂРµРј РјРѕР¶РЅРѕ Р±РѕР»РµРµ РїСЂРѕСЃС‚Рѕ СѓРїСЂР°РІР»СЏС‚СЊ. РҐРѕСЂРѕС€Рѕ РїСЂРѕРІРµСЂСЊС‚Рµ С‚Рѕ, РЅР°СЃРєРѕР»СЊРєРѕ СѓРґРѕР±РЅРѕ РґРµСЂР¶Р°С‚СЊ РґР»СЏ РІР°СЃ РјРѕРґРµР»СЊ РІ СЂСѓРєРµ. Р”РѕРІРѕР»СЊРЅРѕ С‡Р°СЃС‚Рѕ РІРѕР·РЅРёРєР°РµС‚ СЃРёС‚СѓР°С†РёСЏ, РєРѕРіРґР° РїРѕ С‚РµС…РЅРёС‡РµСЃРєРёРј С…Р°СЂР°РєС‚РµСЂРёСЃС‚РёРєР°Рј СЂР°РєРµС‚РєР° РёРґРµР°Р»СЊРЅРѕ СЃРѕРІРїР°РґР°РµС‚ СЃ С‚РµРј, С‡С‚Рѕ РґР»СЏ РІР°СЃ РЅРµРѕР±С…РѕРґРёРјРѕ, РЅРѕ РЅР° РїСЂР°РєС‚РёРєРµ РѕРєР°Р·С‹РІР°РµС‚СЃСЏ Р±РµСЃРїРѕР»РµР·РЅРѕР№. Р?РјРµРЅРЅРѕ РїРѕСЌС‚РѕРјСѓ РЅРµР»СЊР·СЏ РѕС‚РїСЂР°РІР»СЏС‚СЊ Р·Р° РІС‹Р±РѕСЂРѕРј СЌС‚РѕРіРѕ СЃРїРѕСЂС‚РёРІРЅРѕРіРѕ РёРЅРІРµРЅС‚Р°СЂСЏ РєРѕРіРѕ-С‚Рѕ РµС‰Рµ, РєСЂРѕРјРµ РєР°Рє СЃР°РјРѕСЃС‚РѕСЏС‚РµР»СЊРЅРѕ РїРѕРґРѕР№С‚Рё Рє РїРѕРєСѓРїРєРµ. Р’ РїСЂРѕС‚РёРІРЅРѕР№ СЃРёС‚СѓР°С†РёРё РІС‹ РјРѕР¶РµС‚Рµ РѕС‰СѓС‰Р°С‚СЊ РїРѕСЃС‚РѕСЏРЅРЅС‹Р№ РґРёСЃРєРѕРјС„РѕСЂС‚ Рё СѓСЃС‚Р°Р»РѕСЃС‚СЊ РІ СЂСѓРєРµ. Р•СЃР»Рё С‚Р°РєРёС… РїСЂРёР·РЅР°РєРѕРІ РЅР° РїСЂРѕС‚СЏР¶РµРЅРёРё РґР»РёС‚РµР»СЊРЅРѕРіРѕ РІСЂРµРјРµРЅРё РЅРµ РІРѕР·РЅРёРєР°РµС‚, С‚Рѕ РјРѕР¶РЅРѕ РЅРµ СЃРѕРјРЅРµРІР°С‚СЊСЃСЏ РІ РІС‹Р±РѕСЂРµ РїСЂРµРґРјРµС‚Р°. Р’ СЃРѕРѕС‚РІРµС‚СЃС‚РІРёРё СЃ РѕСЃРѕР±РµРЅРЅРѕСЃС‚СЏРјРё СЃС‚СЂРѕРµРЅРёСЏ СЂСѓРєРё, РґРѕР»Р¶РЅР° СѓРґРѕР±РЅРѕ РїРѕРґС…РѕРґРёС‚СЊ РІР°Рј РЅРµ С‚РѕР»СЊРєРѕ РїРµСЂРІРѕРЅР°С‡Р°Р»СЊРЅР°СЏ С„РѕСЂРјР° СЂСѓРєРѕСЏС‚Рё, РЅРѕ Рё РµРµ РѕР±РјРѕС‚РєР°. \r\nР–РµСЃС‚РєРѕСЃС‚СЊ - СЌС‚Рѕ РµС‰Рµ РѕРґРЅР° С…Р°СЂР°РєС‚РµСЂРёСЃС‚РёРєР°, РЅР° РєРѕС‚РѕСЂСѓСЋ СЃС‚РѕРёС‚ РѕР±СЂР°С‚РёС‚СЊ РІРЅРёРјР°РЅРёРµ. Р–РµСЃС‚РєРёРµ РјРѕРґРµР»Рё РЅР°РЅРѕСЃСЏС‚ СЃРёР»СЊРЅС‹Рµ СѓРґР°СЂС‹, СЃРїРѕСЃРѕР±РЅС‹Рµ РґР°Р»РµРєРѕ РѕС‚Р±СЂРѕСЃРёС‚СЊ СЃРЅР°СЂСЏРґ. РћРґРЅР°РєРѕ РѕРЅРё СѓСЃРёР»РёРІР°СЋС‚ РІРёР±СЂР°С†РёСЋ РІ СЂСѓРєСѓ, С‡С‚Рѕ РїРѕРІС‹С€Р°РµС‚ СЂРёСЃРє С‚СЂР°РІРјС‹.', 'a', 1, '05:19 07.06.15'),
(17, '&rarr;РљР°РєСѓСЋ РїРѕР»СЊР·Сѓ РґР°РµС‚ Р±Р°РґРјРёРЅС‚РѕРЅ?', 'Р›СЋР±РѕР№ РІРёРґ СЃРїРѕСЂС‚Р° РїСЂРёРЅРѕСЃРёС‚ РїРѕР»СЊР·Сѓ С‡РµР»РѕРІРµРєСѓ, РєРѕС‚РѕСЂС‹Р№ Р·Р°РЅРёРјР°РµС‚СЃСЏ РёРј. Р›СЋР±РѕР№ РІРёРґ СЃРїРѕСЂС‚Р° РїСЂРёРІРѕРґРёС‚ РѕСЂРіР°РЅРёР·Рј РІ РґРµР№СЃС‚РІРёРµ, С‡С‚Рѕ Р·Р°СЃС‚Р°РІР»СЏРµС‚ СЂР°Р±РѕС‚Р°С‚СЊ РІСЃРµ РѕСЂРіР°РЅС‹ Рё РѕР±РµСЃРїРµС‡РёРІР°РµС‚ РІС‹СЃРѕРєСѓСЋ СЂР°Р±РѕС‚РѕСЃРїРѕСЃРѕР±РЅРѕСЃС‚СЊ. РЎРїРѕСЂС‚ Р·Р°РЅСЏР» СЃРµСЂСЊРµР·РЅСѓСЋ РЅРёС€Сѓ РІ РЅР°С€РµР№ Р¶РёР·РЅРё. Р?Рј РјРѕР¶РЅРѕ Р·Р°РЅРёРјР°С‚СЊСЃСЏ РІ СЃРїРµС†РёР°Р»СЊРЅС‹С… РїРѕРјРµС‰РµРЅРёСЏС…, РЅР° РїСЂРёСЂРѕРґРµ, РґРѕРјР°, Р° С‚Р°РєР¶Рµ РІ РѕС„РёСЃР°С…. РЎРїРѕСЂС‚ СЃС‚Р°Р» РґРѕСЃС‚СѓРїРЅС‹Рј РґР»СЏ Р»СЋР±РѕРіРѕ Р¶РµР»Р°СЋС‰РµРіРѕ. РќРµ РёСЃРєР»СЋС‡РµРЅРёРµ Рё РѕРґРёРЅ РёР· СЃР°РјС‹С… РґРёРЅР°РјРёС‡РЅС‹С… РІРёРґРѕРІ СЃРїРѕСЂС‚Р° вЂ“ Р±Р°РґРјРёРЅС‚РѕРЅ. РљР°РєРёРµ Р¶Рµ РіР»Р°РІРЅС‹Рµ РїСЂРµРёРјСѓС‰РµСЃС‚РІР° РїСЂРё Р·Р°РЅСЏС‚РёСЏС… Р±Р°РґРјРёРЅС‚РѕРЅРѕРј РєР°Рє Р»СЋР±РёС‚РµР»СЊСЃРєРёРј , С‚Р°Рє Рё РїСЂРѕС„РµСЃСЃРёРѕРЅР°Р»СЊРЅС‹Рј?', 'Р›СЋР±РѕР№ РІРёРґ СЃРїРѕСЂС‚Р° РїСЂРёРЅРѕСЃРёС‚ РїРѕР»СЊР·Сѓ С‡РµР»РѕРІРµРєСѓ, РєРѕС‚РѕСЂС‹Р№ Р·Р°РЅРёРјР°РµС‚СЃСЏ РёРј. Р›СЋР±РѕР№ РІРёРґ СЃРїРѕСЂС‚Р° РїСЂРёРІРѕРґРёС‚ РѕСЂРіР°РЅРёР·Рј РІ РґРµР№СЃС‚РІРёРµ, С‡С‚Рѕ Р·Р°СЃС‚Р°РІР»СЏРµС‚ СЂР°Р±РѕС‚Р°С‚СЊ РІСЃРµ РѕСЂРіР°РЅС‹ Рё РѕР±РµСЃРїРµС‡РёРІР°РµС‚ РІС‹СЃРѕРєСѓСЋ СЂР°Р±РѕС‚РѕСЃРїРѕСЃРѕР±РЅРѕСЃС‚СЊ. РЎРїРѕСЂС‚ Р·Р°РЅСЏР» СЃРµСЂСЊРµР·РЅСѓСЋ РЅРёС€Сѓ РІ РЅР°С€РµР№ Р¶РёР·РЅРё. Р?Рј РјРѕР¶РЅРѕ Р·Р°РЅРёРјР°С‚СЊСЃСЏ РІ СЃРїРµС†РёР°Р»СЊРЅС‹С… РїРѕРјРµС‰РµРЅРёСЏС…, РЅР° РїСЂРёСЂРѕРґРµ, РґРѕРјР°, Р° С‚Р°РєР¶Рµ РІ РѕС„РёСЃР°С…. РЎРїРѕСЂС‚ СЃС‚Р°Р» РґРѕСЃС‚СѓРїРЅС‹Рј РґР»СЏ Р»СЋР±РѕРіРѕ Р¶РµР»Р°СЋС‰РµРіРѕ. РќРµ РёСЃРєР»СЋС‡РµРЅРёРµ Рё РѕРґРёРЅ РёР· СЃР°РјС‹С… РґРёРЅР°РјРёС‡РЅС‹С… РІРёРґРѕРІ СЃРїРѕСЂС‚Р° вЂ“ Р±Р°РґРјРёРЅС‚РѕРЅ. РљР°РєРёРµ Р¶Рµ РіР»Р°РІРЅС‹Рµ РїСЂРµРёРјСѓС‰РµСЃС‚РІР° РїСЂРё Р·Р°РЅСЏС‚РёСЏС… Р±Р°РґРјРёРЅС‚РѕРЅРѕРј РєР°Рє Р»СЋР±РёС‚РµР»СЊСЃРєРёРј , С‚Р°Рє Рё РїСЂРѕС„РµСЃСЃРёРѕРЅР°Р»СЊРЅС‹Рј?\r\n\r\nРџРѕС…СѓРґРµРЅРёРµ\r\n\r\nРџРµСЂРІРѕРµ РїСЂРµРёРјСѓС‰РµСЃС‚РІРѕ Р±Р°РґРјРёРЅС‚РѕРЅР° вЂ“ СЌС‚Рѕ СѓРјРµРЅСЊС€РµРЅРёРµ РёР·Р±С‹С‚РѕС‡РЅРѕРіРѕ РІРµСЃР°. РџСЂРё Р·Р°РЅСЏС‚РёСЏС… Р±Р°РґРјРёРЅС‚РѕРЅРѕРј РјРѕР¶РЅРѕ СЃСѓС‰РµСЃС‚РІРµРЅРЅРѕ РїРѕС…СѓРґРµС‚СЊ, Р° РіР»Р°РІРЅРѕРµ РїРѕС…СѓРґРµС‚СЊ, РїСЂРёРЅРёРјР°СЏ С‚РѕР¶Рµ СЃР°РјРѕРµ РєРѕР»РёС‡РµСЃС‚РІРѕ РїРёС‰Рё, С‚.Рµ. РЅРµ СЃР°РґРёС‚СЊСЃСЏ РЅР° РґРёРµС‚С‹. РџРѕСЃРєРѕР»СЊРєСѓ РёРіСЂР° РѕС‡РµРЅСЊ РґРёРЅР°РјРёС‡РЅР°СЏ Рё РїСЂРёС…РѕРґРёС‚СЃСЏ РјРЅРѕРіРѕ Р±РµРіР°С‚СЊ, С‚Рѕ РєРѕР»РёС‡РµСЃС‚РІРѕ СЌРЅРµСЂРіРёРё Р±СѓРґРµС‚ СЃР¶РёРіР°С‚СЊСЃСЏ Р±РѕР»СЊС€РѕРµ РєРѕР»РёС‡РµСЃС‚РІРѕ, С‡С‚Рѕ РІ СЃРІРѕСЋ РѕС‡РµСЂРµРґСЊ Р±СѓРґРµС‚ СЃС‚РёРјСѓР»РёСЂРѕРІР°С‚СЊ РїРѕС…СѓРґРµРЅРёРµ. Р’ РЅР°С‡Р°Р»Рµ СЃРІРѕРёС… Р·Р°РЅСЏС‚РёР№ Р’С‹ Р±СѓРґРµС‚Рµ РјРЅРѕРіРѕ РїРѕС‚РµС‚СЊ, РґР°Р»РµРµ СЌС‚РѕС‚ РїСЂРѕС†РµСЃСЃ СЃС‚Р°Р±РёР»РёР·РёСЂСѓРµС‚СЃСЏ Рё Р±СѓРґРµС‚ РЅР°СЂР°С‰РёРІР°РЅРёРµ (РїСѓСЃРєР°Р№ Рё РЅРµР±РѕР»СЊС€РѕРµ) РјС‹С€РµС‡РЅРѕР№ РјР°СЃСЃС‹. РљР°Рє РїСЂР°РІРёР»Рѕ РјСѓР¶С‡РёРЅС‹ РѕС‡РµРЅСЊ Р±С‹СЃС‚СЂРѕ СЃР±СЂР°СЃС‹РІР°СЋС‚ СЃРІРѕРё РєРёР»РѕРіСЂР°РјРјС‹, РїРѕСЃРєРѕР»СЊРєСѓ СЃС‚СЂРµРјСЏС‚СЃСЏ РІСЃРµРіРґР° РїРѕР±РµР¶РґР°С‚СЊ Рё РёРјРµСЋС‚ РЅРµРјРЅРѕРіРѕ РѕС‚Р»РёС‡РЅС‹Р№ РѕСЂРіР°РЅРёР·Рј РѕС‚ Р¶РµРЅСЃРєРѕРіРѕ. Р–РµРЅС‰РёРЅР°Рј РїРѕРЅР°РґРѕР±РёС‚СЊСЃСЏ Р±РѕР»СЊС€Рµ РІСЂРµРјРµРЅРё РґР»СЏ СЃР±СЂР°СЃС‹РІР°РЅРёСЏ РІРµСЃР°, СЏ Р±С‹ СЃРєР°Р·Р°Р», РЅСѓР¶РЅРѕ Р±РѕР»СЊС€Рµ Р°Р·Р°СЂС‚Р° Рё РїСЂРёСЃС‚СЂР°СЃС‚РёСЏ Рє РёРіСЂРµ. РЈРІРµСЂРµРЅ, С‡С‚Рѕ СЃР±СЂРѕСЃРёС‚СЊ РІРµСЃ Сѓ Р’Р°СЃ РїРѕР»СѓС‡РёС‚СЃСЏ. РЎРєРѕР»СЊРєРѕ? Р—Р°РІРёСЃРёС‚ РѕС‚ Р’Р°С€РµРіРѕ Р¶РµР»Р°РЅРёСЏ.\r\n\r\nРџРѕР»СЊР·Р° Р±Р°РґРјРёРЅС‚РѕРЅР°\r\n\r\nРЎРЅСЏС‚РёРµ СЃС‚СЂРµСЃСЃР°\r\n\r\nР’С‚РѕСЂР°СЏ РїРѕР»СЊР·Р° РѕС‚ Р±Р°РґРјРёРЅС‚РѕРЅР° вЂ“ СЌС‚Рѕ СЃРЅСЏС‚РёРµ РЅР°РїСЂСЏР¶РµРЅРёСЏ РёР»Рё СЃС‚СЂРµСЃСЃР°. Р­С‚РѕС‚ РІРёРґ СЃРїРѕСЂС‚Р° РїСЂРµРєСЂР°СЃРЅРѕ РїРѕРґРѕР№РґРµС‚ РґР»СЏ Р»СЋРґРµР№ СЂР°Р±РѕС‚Р°СЋС‰РёС… РЅР° С€СѓРјРЅС‹С… РїСЂРµРґРїСЂРёСЏС‚РёСЏС…, Р° С‚Р°РєР¶Рµ РґР»СЏ РѕС„РёСЃРЅС‹С… СЂР°Р±РѕС‚РЅРёРєРѕРІ, РґР° Рё РЅРµ С‚РѕР»СЊРєРѕ вЂ“ РѕРЅ РїРѕРґРѕР№РґРµС‚ РґР»СЏ РІСЃРµС… Р»СЋРґРµР№ Р¶РµР»Р°СЋС‰РёС… РѕС‚РґРѕС…РЅСѓС‚СЊ Рё РїСЂРѕРІРµСЃС‚Рё РїСЂРёСЏС‚РЅРѕ РІСЂРµРјСЏ. РћРЅ РїРѕРґРЅРёРјРµС‚ СЃР°РјРѕРѕС†РµРЅРєСѓ, РїСЂРёРґР°СЃС‚ СѓРІРµСЂРµРЅРЅРѕСЃС‚Рё. РўР°РєР¶Рµ Р±Р°РґРјРёРЅС‚РѕРЅ РїРѕРјРѕР¶РµС‚ СЌРјРѕС†РёРѕРЅР°Р»СЊРЅС‹Рј Р»СЋРґСЏРј, РєРѕС‚РѕСЂС‹Рј РЅРµРєСѓРґР° РґРµС‚СЊ СЃРІРѕСЋ СЌРЅРµСЂРіРёСЋ. Р’ Р±Р°РґРјРёРЅС‚РѕРЅРµ РїСЂРёРґРµС‚СЃСЏ Р±РѕСЂРѕС‚СЊСЃСЏ Р·Р° РєР°Р¶РґРѕРµ РѕС‡РєРѕ, СЌРјРѕС†РёРё Р±СѓРґСѓС‚ РїРµСЂРµРїРѕР»РЅСЏС‚СЊ, РѕСЃРѕР±РµРЅРЅРѕ РІ РєРѕРЅС†Рµ РёРіСЂС‹, СѓРІРµСЂСЏСЋ Р’Р°СЃ. РЎРЅСЏС‚РёРµ СЃС‚СЂРµСЃСЃР° РіР°СЂР°РЅС‚РёСЂРѕРІР°РЅРѕ, РґР°Р¶Рµ РЅР° РїРµСЂРІРѕРј Р·Р°РЅСЏС‚РёРё.\r\n\r\nР РµС€РµРЅРёРµ\r\n\r\nРўСЂРµС‚СЊСЏ РїРѕР»СЊР·Р° Р±Р°РґРјРёРЅС‚РѕРЅР° Р·Р°РєР»СЋС‡Р°РµС‚СЃСЏ РІвЂ¦ РґСѓРјР°СЋ Р’С‹ СЃР°РјРё РґРѕРіР°РґР°РµС‚РµСЃСЊ. РџРѕР»РµС‚ РІРѕР»Р°РЅР° РґРѕСЃС‚РёРіР°РµС‚ СЃРєРѕСЂРѕСЃС‚РµР№ 300, Р° С‚Рѕ Рё 400 РєРј/С‡, С‚.Рµ. РїСЂРёС…РѕРґРёС‚СЃСЏ Р±С‹СЃС‚СЂРѕ РїСЂРёРЅРёРјР°С‚СЊ СЂРµС€РµРЅРёРµ РґР»СЏ РґР°Р»СЊРЅРµР№С€РµР№ РёРіСЂС‹. РЎРєРѕСЂРѕСЃС‚СЊ РїСЂРёРЅСЏС‚РёСЏ СЂРµС€РµРЅРёСЏ СЃРѕСЃС‚Р°РІР»СЏРµС‚ РґРѕР»Рё РґРѕР»РµР№ СЃРµРєСѓРЅРґС‹, РјРѕР·Рі РґРѕР»Р¶РµРЅ РіРµРЅРµСЂРёСЂРѕРІР°С‚СЊ СЂРµС€РµРЅРёСЏ РїСЂРѕР±Р»РµРј РїРѕСЃС‚Р°РІР»РµРЅРЅС‹С… РЅР° РїР»РѕС‰Р°РґРєРµ. Р‘РѕР»РµРµ С‚РѕРіРѕ, Р’С‹ РґРѕР»Р¶РЅС‹ РЅРµ С‚РѕР»СЊРєРѕ Р±С‹СЃС‚СЂРѕ РїСЂРёРЅРёРјР°С‚СЊ СЂРµС€РµРЅРёРµ, РЅРѕ РѕРЅРё РґРѕР»Р¶РЅС‹ Р±С‹С‚СЊ РїСЂР°РІРёР»СЊРЅС‹Рµ, С‡С‚РѕР±С‹ РЅРµ РѕС‚РґР°С‚СЊ РѕС‡РєРѕ СЃРѕРїРµСЂРЅРёРєСѓ. РўР°РєРёРј РѕР±СЂР°Р·РѕРј, РёРіСЂР° РІ Р±Р°РґРјРёРЅС‚РѕРЅ Р·Р°СЃС‚Р°РІР»СЏРµС‚ Р’Р°СЃ РґСѓРјР°С‚СЊ Р±С‹СЃС‚СЂРѕ Рё РїСЂРёРЅРёРјР°С‚СЊ РїСЂР°РІРёР»СЊРЅС‹Рµ СЂРµС€РµРЅРёСЏ. Р­С‚Р° СЃРїРѕСЃРѕР±РЅРѕСЃС‚СЊ РїСЂРёРіРѕРґРёС‚СЃСЏ РІ Р»СЋР±РѕР№ СЃС„РµСЂРµ Р¶РёР·РЅРё.\r\n\r\nР‘Р°РґРјРёРЅС‚РѕРЅ\r\n\r\nРћР·РґРѕСЂРѕРІР»РµРЅРёРµ\r\n\r\nРџРѕР»РµР·РЅРѕРµ РІРѕР·РґРµР№СЃС‚РІРёРµ РЅР° СЃРµСЂРґРµС‡РЅРѕ-СЃРѕСЃСѓРґРёСЃС‚СѓСЋ Рё РґС‹С…Р°С‚РµР»СЊРЅСѓСЋ СЃРёСЃС‚РµРјС‹ СЏРІР»СЏРµС‚СЃСЏ С‡РµС‚РІРµСЂС‚С‹Рј РїСЂРµРёРјСѓС‰РµСЃС‚РІРѕРј. Р‘Р°РґРјРёРЅС‚РѕРЅ Р·Р°СЃС‚Р°РІРёС‚ РѕСЂРіР°РЅРёР·Рј СЂР°Р±РѕС‚Р°С‚СЊ РёРЅС‚РµРЅСЃРёРІРЅРµРµ Рё С‡РµС‚РєРѕ РІ СЂРёС‚Рј. РџРѕРЅР°С‡Р°Р»Сѓ РјРѕРіСѓС‚ РІРѕР·РЅРёРєР°С‚СЊ РѕРґС‹С€РєРё, РЅРѕ СЃ СѓРІРµР»РёС‡РµРЅРёРµРј РєРѕР»РёС‡РµСЃС‚РІР° С‚СЂРµРЅРёСЂРѕРІРѕРє Рё РїСЂРёРѕР±СЂРµС‚РµРЅРёСЏ РѕРїС‹С‚Р°, РѕСЂРіР°РЅРёР·Рј Р±СѓРґРµС‚ С‡СѓРІСЃС‚РІРѕРІР°С‚СЊ СЂРёС‚Рј Рё СЃРјРѕР¶РµС‚ РїСЂРёСЃРїРѕСЃРѕР±РёС‚СЃСЏ Рё РїРѕРјРѕС‡СЊ Р’Р°Рј, РµСЃР»Рё РёРјРµСЋС‚СЃСЏ РїСЂРѕР±Р»РµРјС‹ СЃ СЌС‚РёРјРё СЃРёСЃС‚РµРјР°РјРё. РќРµР±РѕР»СЊС€РѕР№ СЃРѕРІРµС‚ вЂ“ РїРѕС‡СѓРІСЃС‚РІРѕРІР°РІ РѕРґС‹С€РєСѓ РЅРµ СЃС‚СЂРµРјРёС‚РµСЃСЊ Р±РѕР»РµРµ РёРЅС‚РµРЅСЃРёРІРЅРѕ РёРіСЂР°С‚СЊ, С‡С‚РѕР±С‹ Р·Р°Р±С‹С‚СЊ Рѕ РЅРµР№, Р»СѓС‡С€Рµ РІСЃРµРіРѕ РґР°С‚СЊ РѕСЂРіР°РЅРёР·РјСѓ РїСЂРёРІС‹РєРЅСѓС‚СЊ, С‚.Рµ. РЅРµ РЅР°РіСЂСѓР¶Р°Р№С‚Рµ СЃРµР±СЏ, РѕС‚РґРѕС…РЅРёС‚Рµ. РќРµ СЃС‚РѕРёС‚ СЃСЂР°Р·Сѓ СЃР°РґРёС‚СЊСЃСЏ РЅР° СЃРєР°РјСЊСЋ, Р»СѓС‡С€Рµ РІСЃРµРіРѕ СЃРїРѕРєРѕР№РЅРѕ РїСЂРѕР№С‚РёСЃСЊ РґР»СЏ РІРѕСЃСЃС‚Р°РЅРѕРІР»РµРЅРёСЏ РґС‹С…Р°РЅРёСЏ.\r\n\r\nРЈРІРµР»РёС‡РµРЅРёРµ Р»РѕРІРєРѕСЃС‚Рё\r\n\r\nРџСЏС‚РѕРµ РїСЂРµРёРјСѓС‰РµСЃС‚РІРѕ вЂ“ СѓРІРµР»РёС‡РµРЅРёРµ РІ СЂР°Р·С‹ Р’Р°С€РµР№ Р»РѕРІРєРѕСЃС‚Рё. РўСЂРµРЅРёСЂРѕРІРєР° Р»РѕРІРєРѕСЃС‚Рё РІ Р±Р°РґРјРёРЅС‚РѕРЅРµ Р±СѓРґРµС‚ РїРѕРІС‹С€Р°С‚СЊСЃСЏ СЃ РєР°Р¶РґРѕР№ С‚СЂРµРЅРёСЂРѕРІРєРѕР№. РќР° РїРµСЂРІС‹С… С‚СЂРµРЅРёСЂРѕРІРєР°С… РёРіСЂС‹ Р±СѓРґСѓС‚ РїСЂРѕС…РѕРґРёС‚СЊ СЃ РјРµРґР»РµРЅРЅРѕР№ СЃРєРѕСЂРѕСЃС‚СЊСЋ, СЃРєРѕСЂРѕСЃС‚СЊ РїРѕР»РµС‚Р° РІРѕР»Р°РЅР° РЅРµР·РЅР°С‡РёС‚РµР»СЊРЅР°, РЅРѕ Р’Р°Рј Р±СѓРґРµС‚ РєР°Р·Р°С‚СЊСЃСЏ, С‡С‚Рѕ РІРѕР»Р°РЅ Р±С‹СЃС‚СЂРѕ Р»РµС‚РёС‚. РџСЂРёРґРµС‚СЃСЏ Р±С‹СЃС‚СЂРѕ вЂњСѓС…РѕРґРёС‚СЊвЂќ РѕС‚ РІРѕР»Р°РЅР° Рё Р±С‹СЃС‚СЂРѕ РЅР° РЅРµРіРѕ вЂњРІС‹С…РѕРґРёС‚СЊвЂќ. Р”Р°Р»РµРµ Р’Р°СЃ РѕР¶РёРґР°СЋС‚ Р±РѕР»РµРµ РёРЅС‚РµРЅСЃРёРІРЅС‹Рµ С‚СЂРµРЅРёСЂРѕРІРєРё СЃ РёРіСЂРѕРєР°РјРё, РєРѕС‚РѕСЂС‹Рµ РЅРµ РїРµСЂРІС‹Р№ РґРµРЅСЊ Р·Р°РЅРёРјР°СЋС‚СЃСЏ СЌС‚РёРј РІРёРґРѕРј СЃРїРѕСЂС‚Р°. РЎРєРѕСЂРѕСЃС‚СЊ РїРѕР»РµС‚Р° РІРѕР»Р°РЅР° РґРѕСЃС‚РёРіР°РµС‚ 150 РєРј/С‡. РџРѕСЃР»Рµ СѓРІРµР»РёС‡РµРЅРёСЏ Р»РѕРІРєРѕСЃС‚Рё РїСЂРёРґРµС‚СЃСЏ РёРіСЂР°С‚СЊ СЃРѕ СЃРїРѕСЂС‚СЃРјРµРЅР°РјРё, С‚СѓС‚ СЃРєРѕСЂРѕСЃС‚СЊ РІРѕР»Р°РЅР° РґРѕ 400 РєРј/С‡ Р±СѓРґРµС‚ РґРѕСЃС‚РёРіР°С‚СЊ. РЈРјРµРЅРёРµ Р±С‹СЃС‚СЂРѕ СЂРµР°РіРёСЂРѕРІР°С‚СЊ РІ РёРіСЂРµ РїРѕРІС‹СЃРёС‚ РІРѕР·РјРѕР¶РЅРѕСЃС‚СЊ РІС‹РёРіСЂС‹С€Р°.\r\n\r\nРЈРІРµР»РёС‡РµРЅРёРµ РјС‹С€РµС‡РЅРѕР№ РјР°СЃСЃС‹\r\n\r\nРЁРµСЃС‚Р°СЏ РїРѕР»СЊР·Р° РѕС‚ Р±Р°РґРјРёРЅС‚РѕРЅР° вЂ“ СЌС‚Рѕ СѓРІРµР»РёС‡РµРЅРёРµ РјСѓСЃРєСѓР»Р°С‚СѓСЂС‹ Рё РїСЂРёРѕР±СЂРµС‚РµРЅРёРµ СЂРµР»СЊРµС„Р° РјС‹С€С†. Р”РѕР»РіРѕ Р·Р°РґРµСЂР¶РёРІР°С‚СЊСЃСЏ РЅРµ РёРјРµРµС‚ СЃРјС‹Р»Р° РЅР° РґР°РЅРЅРѕРј РїСѓРЅРєС‚Рµ, С‚Р°Рє РєР°Рє РёРЅС‚РµРЅСЃРёРІРЅС‹Рµ С‚СЂРµРЅРёСЂРѕРІРєРё Рё РґРёРЅР°РјРёС‡РµСЃРєР°СЏ РёРіСЂР° РїРѕРјРѕРіСѓС‚ РїСЂРёРѕР±СЂРµСЃС‚Рё Р¶РµР»Р°РµРјСѓСЋ С„РёРіСѓСЂСѓ. РҐРѕС‡Сѓ РґРѕР±Р°РІРёС‚СЊ, С‡С‚Рѕ РїСЂРё РёРіСЂРµ РІ Р±Р°РґРјРёРЅС‚РѕРЅ Р·Р° 1 С‡Р°СЃ РёРіСЂС‹ СЃР¶РёРіР°РµС‚СЃСЏ РІ СЃСЂРµРґРЅРµРј 500 РєР°Р»РѕСЂРёР№. Р‘РѕР»СЊС€Рµ РІСЃРµРіРѕ Р·Р°РґРµР№СЃС‚РІРѕРІР°РЅС‹ РЅРѕРіРё, С‚РѕСЂСЃ Рё РІРµРґСѓС‰Р°СЏ СЂСѓРєР°.\r\n\r\nРњРѕСЂРµ РїРѕР·РёС‚РёРІР°\r\n\r\nРЎРµРґСЊРјР°СЏ РїРѕР»СЊР·Р° Рё РґР°Р»РµРєРѕ РЅРµ РїРѕСЃР»РµРґРЅСЏСЏ вЂ“ РїРѕР»СѓС‡РµРЅРёРµ РїРѕР·РёС‚РёРІРЅС‹С… СЌРјРѕС†РёР№ РѕС‚ РёРіСЂС‹. Р’С‹ СЃР°РјРё РїРѕС‡СѓРІСЃС‚РІСѓРµС‚Рµ, РєР°Рє РїСЂРёСЏС‚РЅРѕ СЃС‚Р°РЅРѕРІРёС‚СЃСЏ РїРѕСЃР»Рµ Р·Р°РІРµСЂС€РµРЅРёСЏ РёРіСЂС‹, СЌРјРѕС†РёРё РїРµСЂРµРїРѕР»РЅСЏСЋС‚. РЎР»РѕРІР°РјРё СЃР»РѕР¶РЅРѕ РїРµСЂРµРґР°С‚СЊ вЂ“ СЌС‚Рѕ СЃР°РјРѕРјСѓ СЃС‚РѕРёС‚ РїРѕРїСЂРѕР±РѕРІР°С‚СЊ. Р”СЂСѓР¶РµСЃРєРёР№ РєРѕР»Р»РµРєС‚РёРІ, РёРіСЂР° СЃ РїР°СЂС‚РЅРµСЂРѕРј РёР»Рё СЃ СЃРµРјСЊРµР№ Р·Р°СЃС‚Р°РІРёС‚ Р’Р°СЃ РЅРё СЂР°Р· СѓР»С‹Р±РЅСѓС‚СЊСЃСЏ Рё РїРѕСЂР°РґРѕРІР°С‚СЊСЃСЏ Р·Р° СѓСЃРїРµС….\r\n\r\nРџРѕР»СЊР·Р° Р±Р°РґРјРёРЅС‚РѕРЅ\r\n\r\nР­С‚Рѕ РґР°Р»РµРєРѕ РЅРµ РІСЃРµ РїСЂРµРёРјСѓС‰РµСЃС‚РІР°, РєРѕС‚РѕСЂС‹Рµ РґР°РµС‚ Р±Р°РґРјРёРЅС‚РѕРЅ. Р?С… РјРѕР¶РЅРѕ РґРѕР»РіРѕ РѕР±СЃСѓР¶РґР°С‚СЊ Рё РїРѕРїРѕР»РЅСЏС‚СЊ РЅРѕРІС‹РјРё, С‡С‚РѕР±С‹ РѕС‰СѓС‚РёС‚СЊ РІСЃРµ, С‡С‚Рѕ РґР°РµС‚ Р±Р°РґРјРёРЅС‚РѕРЅ РЅСѓР¶РЅРѕ Р·Р°РЅСЏС‚СЊСЃСЏ РёРј. Р’С‹ Рё РґР°Р»СЊС€Рµ СЃРёРґРёС‚Рµ Р±РµР· РґРµР»Р°? Р”РµР№СЃС‚РІСѓР№С‚Рµ Рё Сѓ Р’Р°СЃ РІСЃРµ РїРѕР»СѓС‡РёС‚СЃСЏ!', 'a', 1, '05:20 07.06.15'),
(18, '&rarr;Р—РЅР°РєРѕРјСЃС‚РІРѕ СЃ Р±Р°РґРјРёРЅС‚РѕРЅРѕРј: РѕСЃРЅРѕРІРЅС‹Рµ СЃРІРµРґРµРЅРёСЏ', 'Р‘Р°РґРјРёРЅС‚РѕРЅ (Р°РЅРіР». badminton) вЂ” РІРёРґ СЃРїРѕСЂС‚Р°, РІ РєРѕС‚РѕСЂРѕРј РёРіСЂРѕРєРё СЂР°СЃРїРѕР»Р°РіР°СЋС‚СЃСЏ РЅР° РїСЂРѕС‚РёРІРѕРїРѕР»РѕР¶РЅС‹С… СЃС‚РѕСЂРѕРЅР°С… РїР»РѕС‰Р°РґРєРё, СЂР°Р·РґРµР»С‘РЅРЅРѕР№ СЃРµС‚РєРѕР№, Рё СѓРґР°СЂР°РјРё СЂР°РєРµС‚РєРё РїРµСЂРµРєРёРґС‹РІР°СЋС‚ С‡РµСЂРµР· РЅРµС‘ РІРѕР»Р°РЅ, СЃС‚Р°СЂР°СЏСЃСЊ, С‡С‚РѕР±С‹ РѕРЅ РЅРµ СѓРїР°Р» РЅР° РїРѕР»Рµ. Р’РєР»СЋС‡С‘РЅ РІ РїСЂРѕРіСЂР°РјРјСѓ Р»РµС‚РЅРёС… РћР»РёРјРїРёР№СЃРєРёС… РёРіСЂ РІ 1992 РіРѕРґСѓ. Р‘С‹РІР°РµС‚ РѕРґРёРЅРѕС‡РЅР°СЏ (1 РЅР° 1) Рё РїР°СЂРЅР°СЏ РёРіСЂР° (2 РЅР° 2).<p>\r\nРџСЂРѕС‡РёС‚Р°РІ СЌС‚Сѓ СЃС‚Р°С‚СЊСЋ, РІС‹ РїРѕР№РјС‘С‚Рµ, С‡С‚Рѕ СЃР°Рј Р±Р°РґРјРёРЅС‚РѕРЅ, РїСЂР°РІРёР»Р° РёРіСЂС‹ Рё РµРіРѕ РёСЃС‚РѕСЂРёСЏ РёРјРµСЋС‚ РґРѕРІРѕР»СЊРЅРѕ РіР»СѓР±РѕРєРёРµ РєРѕСЂРЅРё. РўР°Рє РґР°РІР°Р№С‚Рµ СѓР·РЅР°РµРј, РєР°Рє РёРіСЂР°СЋС‚ РІ Р±Р°РґРјРёРЅС‚РѕРЅ, Р° С‚Р°РєР¶Рµ РіРґРµ Рё РєРѕРіРґР° РѕРЅ Р·Р°СЂРѕРґРёР»СЃСЏ.', 'Р‘Р°РґРјРёРЅС‚РѕРЅ (Р°РЅРіР». badminton) вЂ” РІРёРґ СЃРїРѕСЂС‚Р°, РІ РєРѕС‚РѕСЂРѕРј РёРіСЂРѕРєРё СЂР°СЃРїРѕР»Р°РіР°СЋС‚СЃСЏ РЅР° РїСЂРѕС‚РёРІРѕРїРѕР»РѕР¶РЅС‹С… СЃС‚РѕСЂРѕРЅР°С… РїР»РѕС‰Р°РґРєРё, СЂР°Р·РґРµР»С‘РЅРЅРѕР№ СЃРµС‚РєРѕР№, Рё СѓРґР°СЂР°РјРё СЂР°РєРµС‚РєРё РїРµСЂРµРєРёРґС‹РІР°СЋС‚ С‡РµСЂРµР· РЅРµС‘ РІРѕР»Р°РЅ, СЃС‚Р°СЂР°СЏСЃСЊ, С‡С‚РѕР±С‹ РѕРЅ РЅРµ СѓРїР°Р» РЅР° РїРѕР»Рµ. Р’РєР»СЋС‡С‘РЅ РІ РїСЂРѕРіСЂР°РјРјСѓ Р»РµС‚РЅРёС… РћР»РёРјРїРёР№СЃРєРёС… РёРіСЂ РІ 1992 РіРѕРґСѓ. Р‘С‹РІР°РµС‚ РѕРґРёРЅРѕС‡РЅР°СЏ (1 РЅР° 1) Рё РїР°СЂРЅР°СЏ РёРіСЂР° (2 РЅР° 2). РџСЂРѕС‡РёС‚Р°РІ СЌС‚Сѓ СЃС‚Р°С‚СЊСЋ, РІС‹ РїРѕР№РјС‘С‚Рµ, С‡С‚Рѕ СЃР°Рј Р±Р°РґРјРёРЅС‚РѕРЅ, РїСЂР°РІРёР»Р° РёРіСЂС‹ Рё РµРіРѕ РёСЃС‚РѕСЂРёСЏ РёРјРµСЋС‚ РґРѕРІРѕР»СЊРЅРѕ РіР»СѓР±РѕРєРёРµ РєРѕСЂРЅРё. РўР°Рє РґР°РІР°Р№С‚Рµ СѓР·РЅР°РµРј, РєР°Рє РёРіСЂР°СЋС‚ РІ Р±Р°РґРјРёРЅС‚РѕРЅ, Р° С‚Р°РєР¶Рµ РіРґРµ Рё РєРѕРіРґР° РѕРЅ Р·Р°СЂРѕРґРёР»СЃСЏ.\r\nР?СЃС‚РѕСЂРёСЏ РІРѕР·РЅРёРєРЅРѕРІРµРЅРёСЏ\r\nР?СЃС‚РѕСЂРёСЏ Р±Р°РґРјРёРЅС‚РѕРЅР° РЅР°С‡РёРЅР°РµС‚СЃСЏ РІ Р?РЅРґРёРё. РђРЅРіР»РёР№СЃРєРёРµ РѕС„РёС†РµСЂС‹, СЃР»СѓР¶РёРІС€РёРµ РІ РґР°Р»РµРєРёС… РєСЂР°СЏС…, СѓР·РЅР°Р»Рё Рё РѕС‡РµРЅСЊ Р·Р°РёРЅС‚РµСЂРµСЃРѕРІР°Р»РёСЃСЊ СЃС‚Р°СЂРёРЅРЅРѕР№ РёРЅРґРёР№СЃРєРѕР№ РёРіСЂРѕР№ РїРѕРґ РЅР°Р·РІР°РЅРёРµРј В«РїСѓРЅР°В». Р’РѕР·РІСЂР°С‰Р°СЏСЃСЊ РЅР° СЂРѕРґРёРЅСѓ, РѕС„РёС†РµСЂС‹ РїСЂРёРІРµР·Р»Рё РµС‘ СЃ СЃРѕР±РѕР№.\r\n\r\nРќРѕ РІ РђРЅРіР»РёРё Р·Р° РёРіСЂРѕР№ РЅРµ Р·Р°РєСЂРµРїРёР»РѕСЃСЊ РїРµСЂРІРѕРЅР°С‡Р°Р»СЊРЅРѕРµ РЅР°Р·РІР°РЅРёРµ Рё С‚СЂР°РґРёС†РёРё. Р”РѕС€РµРґС€РёРµ РґРѕ РЅР°С€РёС… РґРЅРµР№ РїСЂР°РІРёР»Р° Рё, СЃРѕР±СЃС‚РІРµРЅРЅРѕ, СЃР°РјРѕ РµС‘ РЅР°Р·РІР°РЅРёРµ Р·Р°СЂРѕРґРёР»РёСЃСЊ РІ СѓСЃР°РґСЊР±Рµ Р‘Р°РґРјРёРЅС‚РѕРЅ-С…Р°СѓСЃ, РІР»Р°РґРµР»СЊС†РµРј РєРѕС‚РѕСЂРѕР№ Р±С‹Р» РіСЂР°С„ Р‘РѕС„РѕСЂС‚. РџРѕС‡С‘С‚РЅРѕРµ РјРµСЃС‚Рѕ РІ РёСЃС‚РѕСЂРёРё РґРѕСЃС‚Р°Р»РѕСЃСЊ РіСЂР°С„Сѓ Р·Р° СЂР°Р·РІРёС‚РёРµ Рё РїСЂРѕРґРІРёР¶РµРЅРёРµ РёРіСЂС‹ РєР°Рє РѕС‚РґРµР»СЊРЅРѕРіРѕ РІРёРґР° СЃРїРѕСЂС‚Р°. Р’ 1873 РіРѕРґСѓ РёРјРµРЅРЅРѕ СЌС‚РѕС‚ С‡РµР»РѕРІРµРє РїРµСЂРІС‹Рј СЃРѕРѕСЂСѓРґРёР» Р±Р°РґРјРёРЅС‚РѕРЅРЅСѓСЋ РїР»РѕС‰Р°РґРєСѓ. Рђ СѓР¶Рµ РІ 1893 РіРѕРґСѓ Р°РЅРіР»РёР№СЃРєР°СЏ Р°СЃСЃРѕС†РёР°С†РёСЏ РёРіСЂС‹ РѕРїСѓР±Р»РёРєРѕРІР°Р»Р° РѕС„РёС†РёР°Р»СЊРЅС‹Рµ РїСЂР°РІРёР»Р° РёРіСЂС‹ РІ Р±Р°РґРјРёРЅС‚РѕРЅ.\r\n\r\nР§РµСЂРµР· РјРЅРѕР¶РµСЃС‚РІРѕ Р»РµС‚ РѕРЅР° РЅРµ РїРѕС‚РµСЂСЏР»Р° СЃРІРѕСЋ РїРѕРїСѓР»СЏСЂРЅРѕСЃС‚СЊ. Рљ 1934 РіРѕРґСѓ Р±С‹Р»Р° СЃРѕР·РґР°РЅР° РІСЃРµРјРёСЂРЅР°СЏ С„РµРґРµСЂР°С†РёСЏ Р±Р°РґРјРёРЅС‚РѕРЅР°, Р° СЃ 1947 РіРѕРґР° СЃС‚Р°СЂС‚РѕРІР°Р»Рѕ РїСЂРѕРІРµРґРµРЅРёРµ РљСѓР±РєР° РўРѕРјР°СЃР° вЂ” РєСЂСѓРїРЅРµР№С€РµРіРѕ РєРѕРјР°РЅРґРЅРѕРіРѕ РјСѓР¶СЃРєРѕРіРѕ СЃРѕСЂРµРІРЅРѕРІР°РЅРёСЏ. РќР°С‡РёРЅР°СЏ СЃ 1955 РіРѕРґР°РёРіСЂР°С‚СЊ РІ Р±Р°РґРјРёРЅС‚РѕРЅ РЅР°С‡Р°Р»Рё Рё Р¶РµРЅС‰РёРЅС‹ вЂ” РѕРЅРё С‚Р°РєР¶Рµ СЃС‚Р°РЅРѕРІСЏС‚СЃСЏ СѓС‡Р°СЃС‚РЅРёС†Р°РјРё РґР°РЅРЅС‹С… СЃРѕСЂРµРІРЅРѕРІР°РЅРёР№.\r\n\r\nР?РЅРІРµРЅС‚Р°СЂСЊ\r\nРћР±С‰РёР№ РёРЅРІРµРЅС‚Р°СЂСЊ РґР»СЏ РёРіСЂС‹ СЃРѕСЃС‚РѕРёС‚ РёР· РЅРµСЃРєРѕР»СЊРєРёС… РѕСЃРЅРѕРІРЅС‹С… СЌР»РµРјРµРЅС‚РѕРІ.\r\n\r\nР Р°РєРµС‚РєР°\r\nР Р°РєРµС‚РєР° РґР»СЏ Р±Р°РґРјРёРЅС‚РѕРЅР° YonexРЎ СЃР°РјРѕРіРѕ РЅР°С‡Р°Р»Р° СЂР°РєРµС‚РєРё РґР»СЏ Р±Р°РґРјРёРЅС‚РѕРЅР° РёР·РіРѕС‚Р°РІР»РёРІР°Р»Рё РёР· РґРµСЂРµРІР°, СЃРѕРІСЂРµРјРµРЅРЅС‹Рµ Р¶Рµ РїСЂРѕРёР·РІРѕРґСЏС‚ РёР· СЃР°РјС‹С… СЂР°Р·РЅРѕРѕР±СЂР°Р·РЅС‹С… РјР°С‚РµСЂРёР°Р»РѕРІ. Р­С‚Рѕ РјРѕР¶РµС‚ Р±С‹С‚СЊ Р°Р»СЋРјРёРЅРёР№ Рё СѓРіР»РµРїР»Р°СЃС‚РёРє, С‚РёС‚Р°РЅ Рё СЃС‚Р°Р»СЊ. РћС‚ РјР°С‚РµСЂРёР°Р»РѕРІ, РёР· РєРѕС‚РѕСЂС‹С… СЃРґРµР»Р°РЅР° РѕСЃРЅРѕРІР°, Р·Р°РІРёСЃРёС‚ РІС‹РґРµСЂР¶РєР° РѕС‚ РЅР°С‚СЏР¶РєРё СЃС‚СЂСѓРЅ Рё РёРЅС‚РµРЅСЃРёРІРЅРѕСЃС‚СЊ СѓРґР°СЂРѕРІ. РџСЂРѕС„РµСЃСЃРёРѕРЅР°Р»СЊРЅС‹Рµ СЂР°РєРµС‚РєРё РґР»СЏ Р±Р°РґРјРёРЅС‚РѕРЅР° РІС‹РїРѕР»РЅСЏСЋС‚СЃСЏ РёР· РєРѕРјРїРѕР·РёС‚РЅС‹С… РјР°С‚РµСЂРёР°Р»РѕРІ, РѕСЃРЅРѕРІР° РєРѕС‚РѕСЂС‹С… вЂ” СѓРіР»РµРІРѕР»РѕРєРЅРѕ. Р Р°РєРµС‚РєРё РґР»СЏ РЅРѕРІРёС‡РєРѕРІ РјРѕР¶РЅРѕ РѕС‚Р»РёС‡РёС‚СЊ РѕС‚ РїСЂРѕС„РµСЃСЃРёРѕРЅР°Р»СЊРЅС‹С… РїРѕ РѕРґРЅРѕРјСѓ РІРёРґРёРјРѕРјСѓ РїСЂРёР·РЅР°РєСѓ вЂ” Рў-РѕР±СЂР°Р·РЅРѕРјСѓ СѓРіР»Сѓ РІ С‚РѕРј РјРµСЃС‚Рµ, РіРґРµ СЃРѕРµРґРёРЅСЏРµС‚СЃСЏ СЂСѓРєРѕСЏС‚СЊ Рё СЃС‚РµСЂР¶РµРЅСЊ СЃ РѕР±РѕРґРѕРј. Р’С‹Р±РѕСЂ РїРѕ РґР°РЅРЅС‹Рј С…Р°СЂР°РєС‚РµСЂРёСЃС‚РёРєР°Рј РЅР°РїСЂСЏРјСѓСЋ Р·Р°РІРёСЃРёС‚ РѕС‚ СЃС‚РёР»СЏ РёРіСЂС‹ СЃРїРѕСЂС‚СЃРјРµРЅР°. РќР°РёР±РѕР»РµРµ РїРѕРїСѓР»СЏСЂРЅС‹РјРё СЃСЂРµРґРё РЅРѕРІРёС‡РєРѕРІ Рё СЃРїРѕСЂС‚СЃРјРµРЅРѕРІ СЏРІР»СЏСЋС‚СЃСЏ СЂР°РєРµС‚РєРё РґР»СЏ Р±Р°РґРјРёРЅС‚РѕРЅР° Yonex. РћРЅРё СѓР¶Рµ СѓСЃРїРµР»Рё РїСЂРёРѕР±СЂРµСЃС‚Рё РѕРіСЂРѕРјРЅСѓСЋ РїРѕРїСѓР»СЏСЂРЅРѕСЃС‚СЊ Р±Р»Р°РіРѕРґР°СЂСЏ СЃРІРѕРёРј РїРѕРєР°Р·Р°С‚РµР»СЏРј. Р’ СЃСЂРµРґРЅРµРј, РѕР±С‰Р°СЏ РјР°СЃСЃР° РґР°РЅРЅРѕРіРѕ РІРёРґР° РёРЅРІРµРЅС‚Р°СЂСЏ РјРѕР¶РµС‚ РєРѕР»РµР±Р°С‚СЊСЃСЏ РѕС‚ 70 РґРѕ 100 РіСЂР°РјРјРѕРІ.\r\n\r\nРЎС‚СЂСѓРЅС‹\r\nРџРµСЂРІРѕРЅР°С‡Р°Р»СЊРЅРѕ СЃС‚СЂСѓРЅС‹ РёР·РіРѕС‚Р°РІР»РёРІР°Р»Рё РёР· РјР°С‚РµСЂРёР°Р»РѕРІ РЅР°С‚СѓСЂР°Р»СЊРЅРѕРіРѕ РїСЂРѕРёСЃС…РѕР¶РґРµРЅРёСЏ, РЅРѕ СЃРµР№С‡Р°СЃ РїСЂРѕРёР·РІРѕРґРёС‚РµР»Рё РѕС‚РґР°СЋС‚ РїСЂРµРґРїРѕС‡С‚РµРЅРёРµ СЃРёРЅС‚РµС‚РёС‡РµСЃРєРёРј РјР°С‚РµСЂРёР°Р»Р°Рј. РљР°Р¶РґР°СЏ СЃС‚СЂСѓРЅР° СЃРѕСЃС‚РѕРёС‚ РёР· СЃРµСЂРґС†РµРІРёРЅС‹, РѕРїР»С‘С‚РєРё Рё РѕР±РѕР»РѕС‡РєРё. РЈСЂРѕРІРµРЅСЊ РЅР°С‚СЏР¶РєРё СЃС‚СЂСѓРЅ РЅР°РїСЂСЏРјСѓСЋ Р·Р°РІРёСЃРёС‚ РѕС‚ СѓСЂРѕРІРЅСЏ РёРіСЂС‹ (РїСЂРѕС„РµСЃСЃРёРѕРЅР°Р»СЊРЅС‹Р№ РёР»Рё Р»СЋР±РёС‚РµР»СЊСЃРєРёР№).\r\n\r\nР’РѕР»Р°РЅ\r\nРќРµ РјРµРЅРµРµ РІР°Р¶РЅС‹Р№ СЌР»РµРјРµРЅС‚ СЃРїРѕСЂС‚РёРІРЅРѕРіРѕ РёРЅРІРµРЅС‚Р°СЂСЏ РґР»СЏ РґР°РЅРЅРѕР№ РёРіСЂС‹. Р’РѕР»Р°РЅС‹ РґР»СЏ Р±Р°РґРјРёРЅС‚РѕРЅР° СЃРѕСЃС‚РѕСЏС‚ РёР· РїСЂРѕР±РєРѕРІРѕР№ РёР»Рё СЃРёРЅС‚РµС‚РёС‡РµСЃРєРѕР№ РіРѕР»РѕРІРєРё, Рє РєРѕС‚РѕСЂРѕР№ РїСЂРёРєСЂРµРїР»РµРЅР° РїР»Р°СЃС‚РёРєРѕРІР°СЏ В«СЋР±РєР°В». Р’РѕР»Р°РЅС‹ Р±С‹РІР°СЋС‚ СЃР»РµРґСѓСЋС‰РёС… С‚РёРїРѕРІ:\r\n\r\nРџРµСЂСЊРµРІС‹Рµ. РЎРѕСЃС‚РѕСЏС‚ РёР· РЅР°С‚СѓСЂР°Р»СЊРЅС‹С… РјР°С‚РµСЂРёР°Р»РѕРІ. Р§Р°С‰Рµ РІСЃРµРіРѕ РґР°РЅРЅС‹Р№ РІРёРґ РІРѕР»Р°РЅРѕРІ РёСЃРїРѕР»СЊР·СѓРµС‚СЃСЏ РїСЂРѕС„РµСЃСЃРёРѕРЅР°Р»СЊРЅС‹РјРё СЃРїРѕСЂС‚СЃРјРµРЅР°РјРё. РџРѕРјРёРјРѕ РІС‹С€Рµ РїРµСЂРµС‡РёСЃР»РµРЅРЅС‹С… СЃРѕСЃС‚Р°РІР»СЏСЋС‰РёС…, СЋР±РєР° СЌС‚РёС… РІРѕР»Р°РЅРѕРІ РїРѕРєСЂС‹РІР°РµС‚СЃСЏ РіСѓСЃРёРЅС‹РјРё РїРµСЂСЊСЏРјРё. Р’РµСЃ С‚Р°РєРѕРіРѕ РІРѕР»Р°РЅР° СЃРѕСЃС‚Р°РІР»СЏРµС‚ РїСЂРёР±Р»РёР·РёС‚РµР»СЊРЅРѕ 50 РіСЂР°РјРј.\r\nРџР»Р°СЃС‚РёРєРѕРІС‹Рµ. Р?СЃРїРѕР»СЊР·СѓСЋС‚СЃСЏ РґР»СЏ Р»СЋР±РёС‚РµР»СЊСЃРєРѕР№ РёРіСЂС‹ РёР»Рё РґР»СЏ С‚СЂРµРЅРёСЂРѕРІРѕРє.\r\nРџРµСЂСЊРµРІРѕР№ РІРѕР»Р°РЅ РґР»СЏ РёРіСЂС‹ РІ Р±Р°РґРјРёРЅС‚РѕРЅ   РџР»Р°СЃС‚РёРєРѕРІС‹Р№ РІРѕР»Р°РЅ РґР»СЏ РёРіСЂС‹ РІ Р±Р°РґРјРёРЅС‚РѕРЅ\r\n\r\nР?РіСЂРѕРІР°СЏ РїР»РѕС‰Р°РґРєР°\r\nР Р°Р·РјРµС‚РєР° Рё СЂР°Р·РјРµСЂС‹ РїР»РѕС‰Р°РґРєРё РґР»СЏ РёРіСЂС‹ РІ Р±Р°РґРјРёРЅС‚РѕРЅ РёР·РѕР±СЂР°Р¶РµРЅС‹ РЅР° СЃР»РµРґСѓСЋС‰РµРј СЂРёСЃСѓРЅРєРµ:\r\nР Р°Р·РјРµС‚РєР° РїР»РѕС‰Р°РґРєРё РґР»СЏ РёРіСЂС‹ РІ Р±Р°РґРјРёРЅС‚РѕРЅ\r\n\r\nРџСЂР°РІРёР»Р° РёРіСЂС‹\r\nРџСЂР°РІРёР»Р° Р±Р°РґРјРёРЅС‚РѕРЅР° РЅРµ СЃР»РёС€РєРѕРј СЃР»РѕР¶РЅС‹. РЎС‚РѕРёС‚ СЂР°Р·РѕР±СЂР°С‚СЊСЃСЏ РІ РЅРёС…, Рё РІС‹ СЃР°РјРё РЅРµ Р·Р°РјРµС‚РёС‚Рµ, РєР°Рє Р±СѓРґРµС‚Рµ РёРіСЂР°С‚СЊ РїРѕ РїСЂР°РІРёР»Р°Рј Рё Р·Р°РјРµС‡Р°С‚СЊ РЅРµРґРѕСЃС‚Р°С‚РєРё РІ РёРіСЂРµ РґСЂСѓРіРёС….\r\n\r\nР?РіСЂР° РЅР°С‡РёРЅР°РµС‚СЃСЏ СЃ РїРѕРґР°С‡Рё. РћРЅР° РјРѕР¶РµС‚ РїСЂРѕРёР·РІРѕРґРёС‚СЊСЃСЏ СЃ Р»СЋР±РѕР№ РїРѕР»РѕРІРёРЅС‹ РїРѕР»СЏ РІ Р·Р°РІРёСЃРёРјРѕСЃС‚Рё РѕС‚ С‚РµРєСѓС‰РµРіРѕ СЃС‡С‘С‚Р°. РћС‡РєРѕ РЅР°С‡РёСЃР»СЏРµС‚СЃСЏ РІ С‚РѕРј СЃР»СѓС‡Р°Рµ, РµСЃР»Рё РїРѕРґР°СЋС‰РёРј РёРіСЂРѕРєРѕРј Р±С‹Р» РІС‹РёРіСЂР°РЅ СЂРѕР·С‹РіСЂС‹С€. Р•СЃР»Рё Р¶Рµ РѕРЅ РµРіРѕ РїСЂРѕРёРіСЂР°Р», С‚Рѕ РїСЂР°РІРѕ РїРѕРґР°С‡Рё РїРµСЂРµС…РѕРґРёС‚ Рє РґСЂСѓРіРѕРјСѓ РёРіСЂРѕРєСѓ. РЈ РєР°Р¶РґРѕР№ РєРѕРјР°РЅРґС‹ РµСЃС‚СЊ РїСЂР°РІРѕ РЅР° 2 РїРѕРґР°С‡Рё. Р•СЃР»Рё РѕР±Рµ РїРѕРґР°С‡Рё Р±С‹Р»Рё РїСЂРѕРёРіСЂР°РЅС‹, С‚Рѕ РѕРЅРё РїРµСЂРµС…РѕРґСЏС‚ Рє СЃРѕРїРµСЂРЅРёРєР°Рј. Р?РіСЂРѕРє РїРѕРґР°С‘С‚ СЃ СЃРѕРѕС‚РІРµС‚СЃС‚РІСѓСЋС‰РµРіРѕ РїРѕР»СЏ РїРѕРґР°С‡Рё (РјРѕР¶РµС‚ Р±С‹С‚СЊ С‡С‘С‚РЅРѕРµ РёР»Рё РЅРµС‡С‘С‚РЅРѕРµ), СЃРѕРіР»Р°СЃРЅРѕ РѕР±С‰РµРјСѓ РєРѕР»РёС‡РµСЃС‚РІСѓ РѕС‡РєРѕРІ Сѓ С‚РѕРіРѕ СЃРїРѕСЂС‚СЃРјРµРЅР°, РєРѕС‚РѕСЂС‹Р№ РїРѕРґР°С‘С‚. Р•СЃР»Рё РІСЃС‚СЂРµС‡Р° РїР°СЂРЅР°СЏ, С‚Рѕ РїРµСЂРІС‹Р№ РёРіСЂРѕРє, РєРѕС‚РѕСЂС‹Р№ РІС‹Р±РёСЂР°РµС‚СЃСЏ РїРµСЂРµРґ РёРіСЂРѕР№, РїСЂРѕРёР·РІРѕРґРёС‚ С‚Р°РєСѓСЋ Р¶Рµ РїРѕРґР°С‡Сѓ, РєР°Рє Рё РІ РѕРґРёРЅРѕС‡РЅРѕР№ РёРіСЂРµ, Р° РІС‚РѕСЂРѕР№ вЂ” РЅР°РїСЂРѕС‚РёРІ.', 'a', 1, '05:21 07.06.15');
INSERT INTO `articles` (`article_id`, `article_title`, `article_prev`, `article_text`, `article_type`, `user_id`, `article_date`) VALUES
(19, '&rarr;Р‘Р°РґРјРёРЅС‚РѕРЅ. РЎРїРѕСЂС‚ РїРѕСЃР»Рµ СЂР°Р±РѕС‚С‹.', 'РљР°Рє РїРѕРґРґРµСЂР¶РёРІР°С‚СЊ СЃРµР±СЏ РІ С„РѕСЂРјРµ? РљР°Рє СЂР°Р·РіСЂСѓР·РёС‚СЊ РіРѕР»РѕРІСѓ РїРѕСЃР»Рµ СЂР°Р±РѕС‡РµРіРѕ РґРЅСЏ? РљР°Рє РёР·Р±Р°РІРёС‚СЊСЃСЏ РѕС‚ Р»РёС€РЅРµРіРѕ РІРµСЃР°? РљР°Рє РІРѕСЃСЃС‚Р°РЅРѕРІРёС‚СЊ СЃРІРѕРµ Р·СЂРµРЅРёРµ?', 'Р­С‚Рѕ Р»РёС€СЊ РЅРµР·РЅР°С‡РёС‚РµР»СЊРЅР°СЏ С‡Р°СЃС‚СЊ РІРѕРїСЂРѕСЃРѕРІ, РєРѕС‚РѕСЂС‹Рµ Р·Р°РґР°СЋС‚ СЃРµР±Рµ РјРЅРѕРіРёРµ СЂР°Р±РѕС‚Р°СЋС‰РёРµ Р»СЋРґРё. Р Р°Р±РѕС‚Р° РІ СЃРѕРІСЂРµРјРµРЅРЅРѕРј РјРёСЂРµ Р·Р°РЅРёРјР°РµС‚ Сѓ РЅР°СЃ РѕРіСЂРѕРјРЅСѓСЋ С‡Р°СЃС‚СЊ РІСЂРµРјРµРЅРё, РјС‹ Р¶РёРІРµРј РІ Р±РµС€РµРЅРѕРј СЂРёС‚РјРµ, РѕРіСЂРѕРјРЅС‹Р№ РїРѕС‚РѕРє Р»СЋРґРµР№, С‚СЂР°РЅСЃРїРѕСЂС‚Р°, РёРЅС„РѕСЂРјР°С†РёРё, РїСЂРѕР±Р»РµРј Рё РјС‹СЃР»РµР№ РЅРµ РґР°СЋС‚ СЂР°СЃСЃР»Р°Р±РёС‚СЊСЃСЏ РЅРё РЅР° СЃРµРєСѓРЅРґСѓ.\r\nРњС‹ РІСЃРµРіРґР° РІ РЅР°РїСЂСЏР¶РµРЅРёРё РїСЂРё РјРёРЅРёРјР°Р»СЊРЅРѕР№ С„РёР·РёС‡РµСЃРєРѕР№ Р°РєС‚РёРІРЅРѕСЃС‚Рё Рё РїРѕСЃС‚РѕСЏРЅРЅРѕРј РєРѕРЅС‚Р°РєС‚Рµ СЃ РІРёР·СѓР°Р»СЊРЅРѕР№ РёРЅС„РѕСЂРјР°С†РёРµР№, СЌС‚Рѕ РїСЂРёРІРѕРґРёС‚ Рє С†РµР»РѕРјСѓ СЂСЏРґСѓ РїСЂРѕР±Р»РµРј:\r\n- РЅР°СЂР°СЃС‚Р°СЋС‰РµРµ СЌРјРѕС†РёРѕРЅР°Р»СЊРЅРѕРµ СѓС‚РѕРјР»РµРЅРёРµ;\r\n- РїРѕС‚РµСЂСЏ С‚РѕРЅСѓСЃР° РѕСЂРіР°РЅРёР·РјР°;\r\n- Р»РёС€РЅРёР№ РІРµСЃ;\r\n- С…СЂРѕРЅРёС‡РµСЃРєР°СЏ СѓСЃС‚Р°Р»РѕСЃС‚СЊ;\r\n- СѓС…СѓРґС€РµРЅРёРµ Р·СЂРµРЅРёСЏ.\r\nРќР°Р·СЂРµРІР°РµС‚ Р»РѕРіРёС‡РµСЃРєРёР№ РІРѕРїСЂРѕСЃ:\r\nР’СЃРµРј РїРѕРЅСЏС‚РЅРѕ, С‡С‚Рѕ РЅСѓР¶РЅРѕ Р·Р°РЅРёРјР°С‚СЊСЃСЏ СЃРїРѕСЂС‚РѕРј Рё РїРѕРґРґРµСЂР¶РёРІР°С‚СЊ СЃРµР±СЏ РІ С„РѕСЂРјРµ, РЅРѕ РІР°СЂРёР°РЅС‚РѕРІ СЃРїРѕСЂС‚Р° РїРѕСЃР»Рµ СЂР°Р±РѕС‚С‹ РјРЅРѕРіРѕ! РџРѕС‡РµРјСѓ РёРјРµРЅРЅРѕ Р±Р°РґРјРёРЅС‚РѕРЅ?\r\nР’СЃРµ РґРѕРІРѕР»СЊРЅРѕ РїСЂРѕСЃС‚Рѕ, РѕС‚РІРµС‚ РјРѕР¶РЅРѕ СѓРІРёРґРµС‚СЊ РїСЂСЏРјРѕ РІ РѕСЃРЅРѕРІР°С… СЃР°РјРѕР№ РёРіСЂС‹.\r\nР‘Р°РґРјРёРЅС‚РѕРЅ - СЌС‚Рѕ СЃРїРѕСЂС‚РёРІРЅР°СЏ РёРіСЂР°, СЃСѓС‚СЊ РєРѕС‚РѕСЂРѕР№ СЃРѕСЃС‚РѕРёС‚ РІ РїРµСЂРµРєРёРґС‹РІР°РЅРёРё РІРѕР»Р°РЅР° РЅР° РїРѕР»Рµ РїСЂРѕС‚РёРІРЅРёРєР° С‡РµСЂРµР· СЃРµС‚РєСѓ СЃ РїРѕРјРѕС‰СЊСЋ СЂР°РєРµС‚РєРё.\r\n- РљРѕРЅС†РµРЅС‚СЂР°С†РёСЏ РІРЅРёРјР°РЅРёСЏ РЅР° РїСЂРѕСЃС‚РѕРј РёРіСЂРѕРІРѕРј РїСЂРёРЅС†РёРїРµ СЂР°Р·РіСЂСѓР¶Р°РµС‚ РїРµСЂРµРїРѕР»РЅРµРЅРЅС‹Р№ РёРЅС„РѕСЂРјР°С†РёРµР№ РјРѕР·Рі. РќР° РІСЂРµРјСЏ РёРіСЂС‹ Р’С‹ РїРµСЂРµСЃС‚Р°РµС‚Рµ Рѕ С‡РµРј Р»РёР±Рѕ РґСѓРјР°С‚СЊ - РІС‹ СЃРѕСЃСЂРµРґРѕС‚РѕС‡РµРЅС‹ РЅР° РІРѕР»Р°РЅРµ Рё РЅР° Р°Р·Р°СЂС‚Рµ РїРѕР±РµРґС‹. Р­С‚Рѕ С…РѕСЂРѕС€Р°СЏ СЌРјРѕС†РёРѕРЅР°Р»СЊРЅР°СЏ СЂР°Р·РіСЂСѓР·РєР°!\r\n- Р’РѕР»Р°РЅ РїРѕСЃС‚РѕСЏРЅРЅРѕ РѕС‚РґР°Р»СЏРµС‚СЃСЏ Рё СЃРЅРѕРІР° РїСЂРёР±Р»РёР¶Р°РµС‚СЃСЏ Рє РІР°Рј. \r\nР­С‚Рѕ РґР°РІРЅРѕ РїСЂРёР·РЅР°РЅРЅС‹Р№ РІСЂР°С‡Р°РјРё С„Р°РєС‚: Р‘Р°РґРјРёРЅС‚РѕРЅ РІРѕСЃСЃС‚Р°РЅР°РІР»РёРІР°РµС‚ Рё СѓР»СѓС‡С€Р°РµС‚ Р·СЂРµРЅРёРµ!\r\nР‘Р°РґРјРёРЅС‚РѕРЅ СЃРѕС‡РµС‚Р°РµС‚ РІ СЃРµР±Рµ РїРѕСЃС‚РѕСЏРЅРЅС‹Рµ РјРѕС‰РЅС‹Рµ Рё Р±С‹СЃС‚СЂС‹Рµ СѓРґР°СЂС‹ СЂР°РєРµС‚РєРѕР№ РїРѕ РІРѕР»Р°РЅСѓ, С€Р°РіРё, Р±РµРі, РїСЂС‹Р¶РєРё Рё РІС‹РїР°РґС‹. РЎРєРѕСЂРѕСЃС‚СЊ РѕР±РјРµРЅР° СѓРґР°СЂР°РјРё РѕС‡РµРЅСЊ РІС‹СЃРѕРєР°СЏ, Р·Р° РѕРґРёРЅ СЂРѕР·С‹РіСЂС‹С€ РІРѕР»Р°РЅР° РІС‹ РІС‹РїРѕР»РЅСЏРµС‚Рµ РґРѕ 20 СѓРґР°СЂРѕРІ, РїСЂРёРјРµСЂРЅРѕ СЃС‚РѕР»СЊРєРѕ Р¶Рµ РїРµСЂРµРјРµС‰РµРЅРёР№ РїРѕ РїР»РѕС‰Р°РґРєРµ Рё РЅРµСЃРєРѕР»СЊРєРѕ РїСЂС‹Р¶РєРѕРІ. РњРµР¶РґСѓ СЂРѕР·С‹РіСЂС‹С€Р°РјРё РїСЂРѕС…РѕРґРёС‚ 10-20 СЃРµРєСѓРЅРґ, РјРµР¶РґСѓ РїР°СЂС‚РёСЏРјРё 90-100 СЃРµРєСѓРЅРґ.\r\n- Р?РЅС‚РµРЅСЃРёРІРЅР°СЏ, РґРёРЅР°РјРёС‡РЅР°СЏ РЅР°РіСЂСѓР·РєР° РЅР° РІСЃРµ РіСЂСѓРїРїС‹ РјС‹С€С† РїСЂРё РІС‹СЃРѕРєРѕРј С‚РµРјРїРµ СЃ РјР°Р»РµРЅСЊРєРёРјРё РїРµСЂРµРґС‹С€РєР°РјРё СЃС‚РѕСЏ РґР»СЏ РІРѕСЃСЃС‚Р°РЅРѕРІР»РµРЅРёРµ РїСѓР»СЊСЃР° -  СЌС‚Рѕ РёРЅС‚РµРЅСЃРёРІРЅС‹Р№ С„РёС‚РЅРµСЃ СЃ СЌР»РµРјРµРЅС‚Р°РјРё РєР°СЂРґРёРѕ-С‚СЂРµРЅРёСЂРѕРІРєРё. Р’Р°Р¶РЅРѕ РѕС‚РјРµС‚РёС‚СЊ, С‡С‚Рѕ РЅРµСЃРјРѕС‚СЂСЏ РЅР° С‚Рѕ, С‡С‚Рѕ СЌС‚Рѕ РѕРіСЂРѕРјРЅР°СЏ РЅР°РіСЂСѓР·РєР°, РѕРЅР° РЅРµ С‚Р°Рє СѓС‚РѕРјР»СЏРµРј РєР°Рє Р±РµРі РёР»Рё С‚СЂРµРЅРёСЂРѕРІРєРё РІ С‚СЂРµРЅР°Р¶РµСЂРЅРѕРј Р·Р°Р»Рµ, Р° СЃРєРѕСЂРµРµ Р±РѕРґСЂРёС‚ Рё РїРѕРґРЅРёРјР°РµС‚ С‚РѕРЅСѓСЃ. Р’С‹ РЅРµ РґСѓРјР°РµС‚Рµ Рѕ РЅР°РіСЂСѓР·РєРµ, Р’С‹ РїРѕРіСЂСѓР¶РµРЅС‹ РІ РёРіСЂСѓ! Р‘Р°РґРјРёРЅС‚РѕРЅ РѕС‡РµРЅСЊ РёРЅС‚РµРЅСЃРёРІРЅРѕ СЃР¶РёРіР°РµС‚ РєР°Р»РѕСЂРёРё Рё РЅРµ СѓС‚РѕРјР»СЏРµРј. Р—Р° РіРѕРґ РЅРµ РёРЅС‚РµРЅСЃРёРІРЅС‹С… Р·Р°РЅСЏС‚РёР№ Р±РµР· СЃС‚СЂРѕРіРѕР№ РґРёРµС‚С‹ Р’С‹ РїРѕС‚РµСЂСЏРµС‚Рµ РѕС‚ 8 РґРѕ 10 Р»РёС€РЅРёС… РєРёР»РѕРіСЂР°РјРј Рё РїСЂРёРІРµРґРµС‚Рµ РІ С„РѕСЂРјСѓ РІСЃРµ РјС‹С€С†С‹ Р’Р°С€РµРіРѕ С‚РµР»Р°.\r\nР—Р°РЅРёРјР°С‚СЊСЃСЏ Р±Р°РґРјРёРЅС‚РѕРЅРѕРј РјРѕР¶РµС‚ РєР°Р¶РґС‹Р№, РЅРµР·Р°РІРёСЃРёРјРѕ РѕС‚ РїРѕР»Р° Рё РІРѕР·СЂР°СЃС‚Р°, РґР»СЏ РїРѕРґРґРµСЂР¶Р°РЅРёСЏ Рё РІРѕСЃСЃС‚Р°РЅРѕРІР»РµРЅРёСЏ С„РёР·РёС‡РµСЃРєРѕР№ С„РѕСЂРјС‹. РЎРѕРІРµСЂС€РµРЅРЅРѕ РЅРµ РІР°Р¶РµРЅ Р’Р°С€ СѓСЂРѕРІРµРЅСЊ РёРіСЂС‹, Р·СЂРµРЅРёРµ Р±СѓРґРµС‚ СѓР»СѓС‡С€Р°С‚СЊСЃСЏ, РјС‹С€С†С‹ Рё РѕСЂРіР°РЅРёР·Рј Р±СѓРґСѓС‚ СЂР°Р±РѕС‚Р°С‚СЊ Р° РіРѕР»РѕРІР° Р±СѓРґРµС‚ РѕС‚РґС‹С…Р°С‚СЊ, РЅРµР·Р°РІРёСЃРёРјРѕ РѕС‚ С‚РѕРіРѕ РїРѕРїР°РґРµС‚Рµ Р’С‹ РїРѕ РІРѕР»Р°РЅСѓ РёР»Рё РЅРµС‚. Р РµР·СѓР»СЊС‚Р°С‚ - Р±СѓРґРµС‚ Рё Р’С‹ РѕСЃС‚Р°РЅРµС‚РµСЃСЊ РґРѕРІРѕР»СЊРЅС‹ СЃРІРѕРёРј РІС‹Р±РѕСЂРѕРј!', 'a', 1, '05:22 07.06.15'),
(20, '&rarr;Р­Р¤Р¤Р•РљРўР?Р’РќРћРЎРўР¬ Р”Р•Р™РЎРўР’Р?Р™ Р’ Р‘РђР”РњР?РќРўРћРќР• - РўР•РњРџ Р?Р›Р? РўРћР§РќРћРЎРўР¬?', 'Р§Р°СЃС‚Рѕ РїСЂРёС…РѕРґРёС‚СЃСЏ СЃР»С‹С€Р°С‚СЊ РѕС‚ Р±Р°РґРјРёРЅС‚РѕРЅРёСЃС‚РѕРІ РґР°Р¶Рµ РІС‹СЃРѕРєРѕРіРѕ РєР»Р°СЃСЃР°: "Р’ С‚РµС…РЅРёРєРµ СЃРІРѕРµРјСѓ СЃРѕРїРµСЂРЅРёРєСѓ РЅРµ СѓСЃС‚СѓРїР°СЋ, РЅРѕ РЅРµРјРЅРѕРіРѕ РѕРїР°Р·РґС‹РІР°Р» РІ РёРіСЂРµ, РїРѕСЌС‚РѕРјСѓ Рё РїСЂРѕРёРіСЂР°Р»". РџСЂРё СЌС‚РѕРј РЅРµ СЃРѕРІСЃРµРј СЏСЃРЅРѕ, С‡С‚Рѕ РІРєР»СЋС‡Р°РµС‚СЃСЏ РІ РїРѕРЅСЏС‚РёРµ "С‚РµС…РЅРёРєР°?" РћР±С‹С‡РЅРѕ РёРјРµРµС‚СЃСЏ РІ РІРёРґСѓ С‚Рѕ, С‡С‚Рѕ РЅР°С‡РёРЅР°СЏ СЃ 10-12 Р»РµС‚ РёРіСЂРѕРє РёР·СѓС‡Р°Р» РѕС‚РґРµР»СЊРЅС‹Рµ С‚РµС…РЅРёС‡РµСЃРєРёРµ СЌР»РµРјРµРЅС‚С‹ РёРіСЂС‹ Рё РїРѕСЃС‚РѕСЏРЅРЅРѕ РЅР° С‚СЂРµРЅРёСЂРѕРІРєР°С… С‚СЂСѓРґРёС‚СЃСЏ РЅР°Рґ РёС… СЃРѕРІРµСЂС€РµРЅСЃС‚РІРѕРІР°РЅРёРµРј.', 'Р§Р°СЃС‚Рѕ РїСЂРёС…РѕРґРёС‚СЃСЏ СЃР»С‹С€Р°С‚СЊ РѕС‚ Р±Р°РґРјРёРЅС‚РѕРЅРёСЃС‚РѕРІ РґР°Р¶Рµ РІС‹СЃРѕРєРѕРіРѕ РєР»Р°СЃСЃР°: "Р’ С‚РµС…РЅРёРєРµ СЃРІРѕРµРјСѓ СЃРѕРїРµСЂРЅРёРєСѓ РЅРµ СѓСЃС‚СѓРїР°СЋ, РЅРѕ РЅРµРјРЅРѕРіРѕ РѕРїР°Р·РґС‹РІР°Р» РІ РёРіСЂРµ, РїРѕСЌС‚РѕРјСѓ Рё РїСЂРѕРёРіСЂР°Р»". РџСЂРё СЌС‚РѕРј РЅРµ СЃРѕРІСЃРµРј СЏСЃРЅРѕ, С‡С‚Рѕ РІРєР»СЋС‡Р°РµС‚СЃСЏ РІ РїРѕРЅСЏС‚РёРµ "С‚РµС…РЅРёРєР°?" РћР±С‹С‡РЅРѕ РёРјРµРµС‚СЃСЏ РІ РІРёРґСѓ С‚Рѕ, С‡С‚Рѕ РЅР°С‡РёРЅР°СЏ СЃ 10-12 Р»РµС‚ РёРіСЂРѕРє РёР·СѓС‡Р°Р» РѕС‚РґРµР»СЊРЅС‹Рµ С‚РµС…РЅРёС‡РµСЃРєРёРµ СЌР»РµРјРµРЅС‚С‹ РёРіСЂС‹ Рё РїРѕСЃС‚РѕСЏРЅРЅРѕ РЅР° С‚СЂРµРЅРёСЂРѕРІРєР°С… С‚СЂСѓРґРёС‚СЃСЏ РЅР°Рґ РёС… СЃРѕРІРµСЂС€РµРЅСЃС‚РІРѕРІР°РЅРёРµРј. Р•СЃС‚РµСЃС‚РІРµРЅРЅРѕ, С‡С‚Рѕ РїСЂРё С‚Р°РєРѕРј РІРЅРёРјР°РЅРёРё Рє СЃРѕРІРµСЂС€РµРЅСЃС‚РІРѕРІР°РЅРёСЋ С‚РµС…РЅРёС‡РµСЃРєРёС… РґРµР№СЃС‚РІРёР№ СЃРїРѕСЂС‚СЃРјРµРЅ СѓР¶Рµ РІ СЋРЅРѕС€РµСЃРєРѕРј РІРѕР·СЂР°СЃС‚Рµ РІР»Р°РґРµРµС‚ РґРѕСЃС‚Р°С‚РѕС‡РЅРѕ РѕР±С€РёСЂРЅС‹Рј РёС… Р°СЂСЃРµРЅР°Р»РѕРј. РћРґРЅР°РєРѕ Р±Р°РґРјРёРЅС‚РѕРЅ - СЌС‚Рѕ РЅРµ РіРёРјРЅР°СЃС‚РёРєР°, РіРґРµ С‚РµС…РЅРёС‡РµСЃРєРѕРµ РєР°С‡РµСЃС‚РІРѕ РІС‹РїРѕР»РЅРµРЅРёСЏ СѓРїСЂР°Р¶РЅРµРЅРёСЏ РѕС†РµРЅРёРІР°РµС‚СЃСЏ РїРѕ РІРЅРµС€РЅРµР№ С„РѕСЂРјРµ РґРІРёР¶РµРЅРёР№. Р—РґРµСЃСЊ, РєР°Рє Рё РІ Р»СЋР±РѕР№ РґСЂСѓРіРѕР№ СЃРїРѕСЂС‚РёРІРЅРѕР№ РёРіСЂРµ, РІС‹СЃРѕРєР°СЏ С‚РµС…РЅРёРєР° РїСЂРµРґРїРѕР»Р°РіР°РµС‚ РІС‹СЃРѕРєСѓСЋ РёРіСЂРѕРІСѓСЋ СЌС„С„РµРєС‚РёРІРЅРѕСЃС‚СЊ. Р’СЃРїРѕРјРЅРёРј РґР»СЏ РїСЂРёРјРµСЂР° С„СѓС‚Р±РѕР»РёСЃС‚РѕРІ-РјР°СЃС‚РµСЂРѕРІ. РќР° С‚СЂРµРЅРёСЂРѕРІРєР°С… РёР»Рё РЅР° СЂР°Р·РјРёРЅРєРµ РїРµСЂРµРґ РёРіСЂРѕР№ РєР°Р¶РґС‹Р№ РёР· РЅРёС… РґРµРјРѕРЅСЃС‚СЂРёСЂСѓРµС‚ РІС‹СЃРѕРєРёР№ РєР»Р°СЃСЃ Р¶РѕРЅРіР»РёСЂРѕРІР°РЅРёСЏ РјСЏС‡РѕРј, РґСЂРёР±Р»РёРЅРіР° Рё РѕР±РІРѕРґРєРё, С‚РѕС‡РЅС‹С… СѓРґР°СЂРѕРІ РїРѕ РІРѕСЂРѕС‚Р°Рј. РћРґРЅР°РєРѕ РІ РїСЂРѕС†РµСЃСЃРµ РёРіСЂС‹, РІ СѓСЃР»РѕРІРёСЏС… Р¶РµСЃС‚РєРѕРіРѕ РєРѕРЅС‚Р°РєС‚РЅРѕРіРѕ РїСЂРѕС‚РёРІРѕРґРµР№СЃС‚РІРёСЏ СЃРѕРїРµСЂРЅРёРєР° Рё Р»РёРјРёС‚Р° РІСЂРµРјРµРЅРё РїСЂРё РѕР±СЂР°Р±РѕС‚РєРµ РјСЏС‡Р°, РєР°С‡РµСЃС‚РІРѕ РІС‹РїРѕР»РЅРµРЅРёСЏ С‚РµС…РЅРёС‡РµСЃРєРёС… РїСЂРёРµРјРѕРІ СЂРµР·РєРѕ СЃРЅРёР¶Р°РµС‚СЃСЏ, С‡С‚Рѕ РїСЂРѕСЏРІР»СЏРµС‚СЃСЏ РІ РїРѕС‚РµСЂСЏС… РјСЏС‡Р° Рё РЅРµРёСЃРїРѕР»СЊР·РѕРІР°РЅРёРё РіРѕР»РµРІС‹С… РјРѕРјРµРЅС‚РѕРІ. РњРѕР¶РЅРѕ Р»Рё РЅР°Р·РІР°С‚СЊ С‚Р°РєРёС… РёРіСЂРѕРєРѕРІ РґРµР№СЃС‚РІРёС‚РµР»СЊРЅРѕ С‚РµС…РЅРёС‡РЅС‹РјРё? Р’РѕРїСЂРѕСЃ СЂРёС‚РѕСЂРёС‡РµСЃРєРёР№. РўРµС…РЅРёС‡РЅРѕРіРѕ РёРіСЂРѕРєР° РѕС‚Р»РёС‡Р°РµС‚ СЃРїРѕСЃРѕР±РЅРѕСЃС‚СЊ РїСЂРѕСЏРІР»СЏС‚СЊ СЃРІРѕРµ РјР°СЃС‚РµСЂСЃС‚РІРѕ РёРјРµРЅРЅРѕ РІ Р¶РµСЃС‚РєРёС… СѓСЃР»РѕРІРёСЏС… РёРіСЂРѕРІРѕР№ РґРµСЏС‚РµР»СЊРЅРѕСЃС‚Рё - С‚Р°Рє РЅР°Р·С‹РІР°РµРјС‹Р№ СЃРєРѕСЂРѕСЃС‚РЅРѕР№ РёРіСЂРѕРІРѕР№ Р°РІС‚РѕРјР°С‚РёР·Рј.\r\nР’ Р±Р°РґРјРёРЅС‚РѕРЅРµ РїСЂРё РѕС‚СЃСѓС‚СЃС‚РІРёРё РєРѕРЅС‚Р°РєС‚РЅРѕРіРѕ РµРґРёРЅРѕР±РѕСЂСЃС‚РІР° РЅР°Р»РёС‡РµСЃС‚РІСѓРµС‚ РїРѕСЃС‚РѕСЏРЅРЅС‹Р№ РґРµС„РёС†РёС‚ РІСЂРµРјРµРЅРё РєР°Рє РґР»СЏ РїСЂРёРЅСЏС‚РёСЏ СЂРµС€РµРЅРёР№ Рѕ С‚Р°РєС‚РёРєРµ РґРµР№СЃС‚РІРёР№, С‚Р°Рє Рё РґР»СЏ РІС‹РїРѕР»РЅРµРЅРёСЏ СЃР°РјРёС… С‚РµС…РЅРёС‡РµСЃРєРёС… РґРµР№СЃС‚РІРёР№. РџСЂРё СЌС‚РѕРј РѕС†РµРЅРєР° С‚РµС…РЅРёС‡РµСЃРєРѕРіРѕ РјР°СЃС‚РµСЂСЃС‚РІР° Р±Р°РґРјРёРЅС‚РѕРЅРёСЃС‚Р°, РїСЂРѕСЏРІР»СЏРµРјРѕРіРѕ РІ РїСЂРѕС†РµСЃСЃРµ РёРіСЂС‹, РЅРµРІРѕР·РјРѕР¶РЅР° Р±РµР· СѓС‡РµС‚Р° РґРІСѓС… РѕСЃРЅРѕРІРЅС‹С… С„Р°РєС‚РѕСЂРѕРІ: С‚РµРјРїР° РёРіСЂС‹ Рё РёРіСЂРѕРІРѕР№ СЌС„С„РµРєС‚РёРІРЅРѕСЃС‚Рё С‚РµС…РЅРёС‡РµСЃРєРёС… РґРµР№СЃС‚РІРёР№. РўРѕР»СЊРєРѕ РїСЂРё С‚Р°РєРѕРј РїРѕРґС…РѕРґРµ РІРѕР·РјРѕР¶РµРЅ РѕС‚РІРµС‚ РЅР° РІРѕРїСЂРѕСЃ: РєР°РєРёРј РѕР±СЂР°Р·РѕРј РїРѕРІС‹С€РµРЅРёРµ С‚РµРјРїР° РёРіСЂС‹ РІР»РёСЏРµС‚ РЅР° СЌС„С„РµРєС‚РёРІРЅРѕСЃС‚СЊ С‚РµС…РЅРёС‡РµСЃРєРёС… РґРµР№СЃС‚РІРёР№ РєРѕРЅРєСЂРµС‚РЅРѕРіРѕ РёРіСЂРѕРєР° РІ РєРѕРЅРєСЂРµС‚РЅРѕР№ РёРіСЂРµ?\r\nРўРµС…РЅРёС‡РµСЃРєРёР№ СЂРµР·СѓР»СЊС‚Р°С‚ РёРіСЂС‹ РЅРµ РјРѕР¶РµС‚ СЃР»СѓР¶РёС‚СЊ С‚РѕС‡РЅС‹Рј РёРЅСЃС‚СЂСѓРјРµРЅС‚РѕРј РѕС†РµРЅРєРё РёРіСЂРѕРІРѕР№ С‚РµС…РЅРёРєРё, РїРѕСЃРєРѕР»СЊРєСѓ РёРЅС‚РµРіСЂРёСЂСѓРµС‚ РІ СЃРІРѕРµРј Р·РЅР°С‡РµРЅРёРё РІСЃРµ СЃС‚РѕСЂРѕРЅС‹ РїРѕРґРіРѕС‚РѕРІР»РµРЅРЅРѕСЃС‚Рё СЃРїРѕСЂС‚СЃРјРµРЅР°. РљРѕР»СЊ СЃРєРѕСЂРѕ Р±РµР· РІРѕР·РјРѕР¶РЅРѕСЃС‚Рё РєРѕР»РёС‡РµСЃС‚РІРµРЅРЅРѕР№ РѕС†РµРЅРєРё СЌС‚РѕР№ СЃС‚РѕСЂРѕРЅС‹ РїРѕРґРіРѕС‚РѕРІР»РµРЅРЅРѕСЃС‚Рё РЅРµРјС‹СЃР»РёРјС‹ СЌС„С„РµРєС‚РёРІРЅС‹Рµ РєРѕРЅС‚СЂРѕР»СЊ Рё СѓРїСЂР°РІР»РµРЅРёРµ РїСЂРѕС†РµСЃСЃРѕРј С‚РµС…РЅРёС‡РµСЃРєРѕРіРѕ СЃРѕРІРµСЂС€РµРЅСЃС‚РІРѕРІР°РЅРёСЏ РІ Р±Р°РґРјРёРЅС‚РѕРЅРµ, СЃС‚Р°РЅРѕРІРёС‚СЃСЏ РѕС‡РµРІРёРґРЅРѕР№ Р·Р°РґР°С‡Р° СЂР°Р·СЂР°Р±РѕС‚РѕРєРё РЅР°РґРµР¶РЅРѕР№ Рё РґРѕСЃС‚СѓРїРЅРѕР№ РјРµС‚РѕРґРёРєРё С‚Р°РєРѕР№ РѕС†РµРЅРєРё.\r\nРЎ С†РµР»СЊСЋ СЂРµС€РµРЅРёСЏ СЌС‚РѕР№ Р·Р°РґР°С‡Рё РІ С†РµРЅС‚СЂРµ РєРѕРјРїСЊСЋС‚РµСЂРЅРѕРіРѕ РѕР±СѓС‡РµРЅРёСЏ РњР“РўРЈ РёРј. Рќ.Р­. Р‘Р°СѓРјР°РЅР° Р±С‹Р»Рѕ РїСЂРµРґРїСЂРёРЅСЏС‚Рѕ РёСЃСЃР»РµРґРѕРІР°РЅРёРµ СЌС„С„РµРєС‚РёРІРЅРѕСЃС‚Рё РёРіСЂРѕРІРѕР№ РґРµСЏС‚РµР»СЊРЅРѕСЃС‚Рё Р±Р°РґРјРёРЅС‚РѕРЅРёСЃС‚Р° РІ Р·Р°РІРёСЃРёРјРѕСЃС‚Рё РѕС‚ РІРЅРµС€РЅРёС… СѓСЃР»РѕРІРёР№ РёРіСЂС‹. Р”Р»СЏ СЌС‚РѕРіРѕ РїСЂРѕРІРѕРґРёР»Р°СЃСЊ СЂРµРіРёСЃС‚СЂР°С†РёСЏ РґРІСѓС… РїР°СЂР°РјРµС‚СЂРѕРІ, С…Р°СЂР°РєС‚РµСЂРёР·СѓСЋС‰РёС… РёРіСЂРѕРІСѓСЋ РґРµСЏС‚РµР»СЊРЅРѕСЃС‚СЊ СЃРїРѕСЂС‚СЃРјРµРЅРѕРІ: С‚РµРјРїР° РѕР±РјРµРЅР° СѓРґР°СЂР°РјРё Рё РєРѕР»РёС‡РµСЃС‚РІР° СЂРѕР·С‹РіСЂС‹С€РµР№ РІРѕР»Р°РЅР° РІ РїР°СЂС‚РёРё.\r\nРўРµРјРї СЂР°СЃСЃС‡РёС‚С‹РІР°Р»СЃСЏ РёР· Р·РЅР°С‡РµРЅРёР№ С‡РёСЃС‚РѕРіРѕ РёРіСЂРѕРІРѕРіРѕ РІСЂРµРјРµРЅРё Рё РєРѕР»РёС‡РµСЃС‚РІР° СѓРґР°СЂРѕРІ, РїСЂРѕРёР·РІРµРґРµРЅРЅС‹С… Р·Р° СЌС‚Рѕ РІСЂРµРјСЏ РѕР±РѕРёРјРё РёРіСЂРѕРєР°РјРё. Р­С„С„РµРєС‚РёРІРЅРѕСЃС‚СЊ РёРіСЂРѕРІС‹С… РґРµР№СЃС‚РІРёР№ РЅР°Р±Р»СЋРґР°РµРјРѕРіРѕ РёРіСЂРѕРєР° РѕРїСЂРµРґРµР»СЏР»Р°СЃСЊ РѕС‚РЅРѕС€РµРЅРёРµРј РµРіРѕ РїРѕР±РµРґРЅС‹С… СЂРѕР·С‹РіСЂС‹С€РµР№ Рє РѕР±С‰РµРјСѓ РєРѕР»РёС‡РµСЃС‚РІСѓ СЂРѕР·С‹РіСЂС‹С€РµР№ РІ РїР°СЂС‚РёРё.', 'a', 1, '05:23 07.06.15'),
(21, '&rarr;РџСЂРёРµРјС‹ Рё С…РёС‚СЂРѕСЃС‚Рё РІ РёРіСЂРµ Р±Р°РґРјРёРЅС‚РѕРЅ', 'Р’СЃРµ СѓРґР°СЂС‹ СЃРїСЂР°РІР° РІС‹РїРѕР»РЅСЏСЋС‚СЃСЏ Р»РёС†РµРІРѕР№ СЃС‚РѕСЂРѕРЅРѕР№ СЂР°РєРµС‚РєРё. Р§Р°С‰Рµ РІСЃРµРіРѕ РІС‹РїРѕР»РЅСЏРµС‚СЃСЏ РїР»РѕСЃРєРёР№ СѓРґР°СЂ, С‚Р°РєР¶Рµ СѓРєРѕСЂРѕС‡РµРЅРЅС‹Рµ Рё РїСЂСЏРјС‹Рµ СЃРІРµСЂС…Сѓ.\r\nРЎР»РµРІР° - РїР»РѕСЃРєРѕ-РґР°Р»РµРєРёРµ, Р° С‚Р°РєР¶Рµ СѓРєРѕСЂРѕС‡РµРЅРЅС‹Рµ РїРѕ РґРёР°РіРѕРЅР°Р»Рё.\r\nР’РѕР»Р°РЅС‹ РІРµСЃСЏС‚ РѕС‚ 4,75 (РґР»СЏ РїРѕРјРµС‰РµРЅРёР№) РґРѕ 7,5 Рі.\r\n\r\nР’РѕР»Р°РЅС‹ СЃ "СЋР±РєРѕР№" РёР· РЅР°С‚СѓСЂР°Р»СЊРЅС‹С… РїРµСЂСЊРµРІ РёРјРµСЋС‚ РєСЂСѓС‚СѓСЋ С‚СЂР°РµРєС‚РѕСЂРёСЋ РїР°РґРµРЅРёРё (РёСЃРїРѕР»СЊР·СѓСЋС‚СЃСЏ РґР»СЏ РїСЂРѕС„РµСЃСЃРёРѕРЅР°Р»СЊРЅС‹С… РёРіСЂ), РїРѕР»РёСЌС‚РёР»РµРЅРѕРІС‹Рµ - Р±РѕР»РµРµ РѕС‚Р»РѕРіСѓСЋ.', 'Р’СЃРµ СѓРґР°СЂС‹ СЃРїСЂР°РІР° РІС‹РїРѕР»РЅСЏСЋС‚СЃСЏ Р»РёС†РµРІРѕР№ СЃС‚РѕСЂРѕРЅРѕР№ СЂР°РєРµС‚РєРё. Р§Р°С‰Рµ РІСЃРµРіРѕ РІС‹РїРѕР»РЅСЏРµС‚СЃСЏ РїР»РѕСЃРєРёР№ СѓРґР°СЂ, С‚Р°РєР¶Рµ СѓРєРѕСЂРѕС‡РµРЅРЅС‹Рµ Рё РїСЂСЏРјС‹Рµ СЃРІРµСЂС…Сѓ.\r\nРЎР»РµРІР° - РїР»РѕСЃРєРѕ-РґР°Р»РµРєРёРµ, Р° С‚Р°РєР¶Рµ СѓРєРѕСЂРѕС‡РµРЅРЅС‹Рµ РїРѕ РґРёР°РіРѕРЅР°Р»Рё.\r\nР’РѕР»Р°РЅС‹ РІРµСЃСЏС‚ РѕС‚ 4,75 (РґР»СЏ РїРѕРјРµС‰РµРЅРёР№) РґРѕ 7,5 Рі.\r\n\r\nР’РѕР»Р°РЅС‹ СЃ "СЋР±РєРѕР№" РёР· РЅР°С‚СѓСЂР°Р»СЊРЅС‹С… РїРµСЂСЊРµРІ РёРјРµСЋС‚ РєСЂСѓС‚СѓСЋ С‚СЂР°РµРєС‚РѕСЂРёСЋ РїР°РґРµРЅРёРё (РёСЃРїРѕР»СЊР·СѓСЋС‚СЃСЏ РґР»СЏ РїСЂРѕС„РµСЃСЃРёРѕРЅР°Р»СЊРЅС‹С… РёРіСЂ), РїРѕР»РёСЌС‚РёР»РµРЅРѕРІС‹Рµ - Р±РѕР»РµРµ РѕС‚Р»РѕРіСѓСЋ.\r\nР’СЃРµ РІРѕР»Р°РЅС‹, Р»РµС‚СЏС‰РёРµ РІС‹С€Рµ РіРѕР»РѕРІС‹, РЅСѓР¶РЅРѕ РѕС‚Р±РёРІР°С‚СЊ, РїРѕ РІРѕР·РјРѕР¶РЅРѕСЃС‚Рё, СѓРґР°СЂР°РјРё СЃРІРµСЂС…Сѓ, РЅРµ РґРѕР¶РёРґР°СЏСЃСЊ, РєРѕРіРґР° РІРѕР»Р°РЅ РѕРїСѓСЃС‚РёС‚СЃСЏ РІРЅРёР·.\r\nР•СЃР»Рё РїРѕРґР°С‡Р° СЃРѕРїРµСЂРЅРёРєР° РЅР°РїСЂР°РІР»РµРЅР° РІ РїСЂР°РІС‹Р№ РїРµСЂРµРґРЅРёР№ СѓРіРѕР», С‚Рѕ Р»СѓС‡С€Рµ РїСЂРѕРІРµСЃС‚Рё СѓРєРѕСЂРѕС‡РµРЅРЅС‹Р№ СѓРґР°СЂ РёР»Рё РїР»РѕСЃРєРёР№ СѓРґР°СЂ РІРґРѕР»СЊ Р±РѕРєРѕРІРѕР№ Р»РёРЅРёРё.\r\nРџСЂРё РІС‹СЃРѕРєРѕР№ РїРѕРґР°С‡Рµ РІ РїСЂР°РІС‹Р№ СѓРіРѕР» Р»СѓС‡С€Рµ РѕС‚РІРµС‚РёС‚СЊ СѓРєРѕСЂРѕС‡РµРЅРЅС‹Рј СѓРґР°СЂРѕРј РёР»Рё РґР»РёРЅРЅС‹Рј СЃРјРµС€РµРј РІ Р·Р°РґРЅРёР№ Р»РµРІС‹Р№ СѓРіРѕР».\r\nРџСЂРё РІС‹СЃРѕРєРѕР№ РїРѕРґР°С‡Рµ РїРѕРґ Р»РµРІСѓСЋ СЂСѓРєСѓ РјРѕР¶РЅРѕ РёСЃРїРѕР»СЊР·РѕРІР°С‚СЊ РІС‹СЃРѕРєРѕ-РґР°Р»РµРєРёР№ СѓРґР°СЂ С‡РµСЂРµР· РіРѕР»РѕРІСѓ СЃРѕРїРµСЂРЅРёРєР° РІ РїСЂР°РІС‹Р№ Р·Р°РґРЅРёР№ СѓРіРѕР».\r\nРџСЂРё РїР»РѕСЃРєРѕР№ РїРѕРґР°С‡Рµ РїРѕРґ Р»РµРІСѓСЋ СЂСѓРєСѓ Р»СѓС‡С€Рµ РѕС‚РІРµС‚РёС‚СЊ РїР»РѕСЃРєРёРј СѓРґР°СЂРѕРј РІ С‚СѓР»РѕРІРёС‰Рµ РёРіСЂРѕРєР°, Р»РёР±Рѕ РІ Р»РµРІС‹Р№ Р·Р°РґРЅРёР№ СѓРіРѕР».\r\nРџРѕСЃР»Рµ СѓРґР°СЂР° Р»СѓС‡С€Рµ РІРµСЂРЅСѓС‚СЊСЃСЏ РІ С†РµРЅС‚СЂ РїР»РѕС‰Р°РґРєРё.\r\nР§С‚РѕР±С‹ СѓРґР°СЂРёС‚СЊ РїРѕ РІРѕР»Р°РЅСѓ С‚РѕС‡РЅРѕ, РЅР°РґРѕ СѓРґР°СЂРёС‚СЊ РїРѕ РіРѕР»РѕРІРєРµ РІРѕР»Р°РЅР° С†РµРЅС‚СЂРѕРј СЂР°РјРєРё СЂР°РєРµС‚РєРё.\r\nР§С‚РѕР±С‹ СѓРґР°СЂРёС‚СЊ СЃРёР»СЊРЅРѕ, РЅР°РґРѕ РІС‹РїСЂСЏРјРёС‚СЊ РїРѕР»РЅРѕСЃС‚СЊСЋ СЂСѓРєСѓ Рё Р·Р°РІРµСЂС€РёС‚СЊ СѓРґР°СЂ Р±РµР· РѕСЃС‚Р°РЅРѕРІРєРё РґРІРёР¶РµРЅРёСЏ РєРёСЃС‚Рё.\r\nРќСѓР¶РЅРѕ РІС‹С…РѕРґРёС‚СЊ РЅР° РІРѕР»Р°РЅ, РєР°Рє С‚РѕР»СЊРєРѕ РѕРЅ РїРµСЂРµСЃРµРє СЃРµС‚РєСѓ, Рё Р±РёС‚СЊ РєР°Рє РјРѕР¶РЅРѕ СЃРєРѕСЂРµРµ, С‡С‚РѕР±С‹ РЅРµ РґР°С‚СЊ РїСЂРѕС‚РёРІРЅРёРєСѓ РєР°Рє СЃР»РµРґСѓРµС‚ РїРѕРґРіРѕС‚РѕРІРёС‚СЊСЃСЏ Рє СѓРґР°СЂСѓ.\r\nР•СЃР»Рё, РїРѕРґР°РІР°СЏ, РѕС‚РІРµСЃС‚Рё СЂСѓРєСѓ СЃ РІРѕР»Р°РЅРѕРј РґР°Р»СЊС€Рµ РѕС‚ С‚СѓР»РѕРІРёС‰Р°, С‚Рѕ СѓРґР°СЂ Р±СѓРґРµС‚ Р±РѕР»СЊС€РµР№ СЃРёР»С‹. Р§РµРј Р±РѕР»СЊС€Рµ РёРЅС‚РµСЂРІР°Р» РјРµР¶РґСѓ РїРѕРґРєРёРґРєРѕР№ РІРѕР»Р°РЅР° Рё СЃР°РјРёРј СѓРґР°СЂРѕРј, С‚РµРј СЃРєСЂС‹С‚РЅРµРµ Р±СѓРґРµС‚ РїРѕРґР°С‡Р°.\r\nРђС‚Р°РєРѕРІР°С‚СЊ Р»СѓС‡С€Рµ СЃРјРµС€Р°РјРё, РїР»РѕСЃРєРёРјРё Рё СѓРєРѕСЂРѕС‡РµРЅРЅС‹РјРё СѓРґР°СЂР°РјРё.\r\nРЈРіР»С‹ - СЃР°РјС‹Рµ СѓСЏР·РІРёРјС‹Рµ РјРµСЃС‚Р° РЅР° РїР»РѕС‰Р°РґРєРµ.\r\nР•СЃР»Рё РІС‹ РёРіСЂР°РµС‚Рµ РІР»РµРІРѕ, С‚Рѕ СЃРѕРїРµСЂРЅРёРєСѓ СЃРєРѕСЂРµРµ РІСЃРµРіРѕ РїСЂРёРґРµС‚СЃСЏ Р·Р°С‰РёС‰Р°С‚СЊСЃСЏ.\r\nРЈРєРѕСЂРѕС‡РµРЅРЅС‹Рµ СѓРґР°СЂС‹ Р»СѓС‡С€Рµ РІСЃРµРіРѕ "РїСЂРѕС…РѕРґСЏС‚" РїРѕ РґРёР°РіРѕРЅР°Р»Рё РІ РґР°Р»СЊРЅРёР№ РѕС‚ РїСЂРѕС‚РёРІРЅРёРєР° СѓРіРѕР».\r\nР?Р· РЅРµСѓРґРѕР±РЅРѕРіРѕ РїРѕР»РѕР¶РµРЅРёСЏ Р»СѓС‡С€Рµ РІСЃРµРіРѕ РѕС‚Р±РёС‚СЊ РІРѕР»Р°РЅ РІ С‚С‹Р»С‹ РїСЂРѕС‚РёРІРЅРёРєР°, Р° РЅРµ Р°С‚Р°РєРѕРІР°С‚СЊ СЃРјРµС€РµРј РёР»Рё СЃР»РѕР¶РЅС‹Рј СѓРєРѕСЂРѕС‡РµРЅРЅС‹Рј СѓРґР°СЂРѕРј.\r\nР•СЃР»Рё РїСЂРѕС‚РёРІРЅРёРє "РїРµСЂРµРІРµР»" РІРѕР»Р°РЅ РІРґРѕР»СЊ СЃРµС‚РєРё, С…РѕСЂРѕС€Рѕ РїРѕРґСЃС‚Р°РІРёС‚СЊ СЂР°РјРєСѓ СЂР°РєРµС‚РєРё РїРѕРґ Р»РµС‚СЏС‰РёР№ РІРѕР»Р°РЅ. РЎР»РѕРІРЅРѕ С…РѕС‚РёС‚Рµ РµРіРѕ РїСЂРѕСЃС‚Рѕ РѕСЃС‚Р°РЅРѕРІРёС‚СЊ. РЎРѕРїРµСЂРЅРёРє Р±СЂРѕСЃР°РµС‚СЃСЏ РІ Р’Р°С€Сѓ СЃС‚РѕСЂРѕРЅСѓ - РѕСЃС‚Р°РµС‚СЃСЏ С‚РѕР»СЊРєРѕ РІС‹Р±СЂР°С‚СЊ РЅР°РїСЂР°РІР»РµРЅРёРµ РґР»СЏ СѓРґР°СЂР°. РњРѕР¶РЅРѕ РїРѕСЃР»Р°С‚СЊ РІРѕР»Р°РЅ РІРґРѕР»СЊ Р»РёРЅРёРё РІ Р·Р°РґРЅРёР№ СѓРіРѕР». РњРѕР¶РЅРѕ РѕС‚Р±РёС‚СЊ РїРѕ РґРёР°РіРѕРЅР°Р»Рё РёР»Рё РЅР°РїСЂР°РІРёС‚СЊ РЅРµРїРѕСЃСЂРµРґСЃС‚РІРµРЅРЅРѕ РІ РїСЂРѕС‚РёРІРЅРёРєР°.\r\nРЈ СЃРµС‚РєРё РІРѕР»Р°РЅ С…РѕСЂРѕС€Рѕ РїРµСЂРµРІРѕРґРёС‚СЊ С‚Р°Рє, С‡С‚РѕР±С‹ РѕРЅ Р±СѓРєРІР°Р»СЊРЅРѕ РїРµСЂРµРІР°Р»РёРІР°Р»СЃСЏ С‡РµСЂРµР· РєСЂР°Р№ СЃРµС‚РєРё. РђС‚Р°РєСѓ РїСЂРѕС‚РёРІРЅРёРєР° С…РѕСЂРѕС€Рѕ РіР°СЃРёС‚СЊ С‚РѕС‡РЅС‹РјРё СѓРєРѕСЂРѕС‡РµРЅРЅС‹РјРё РёР»Рё РґР»РёРЅРЅС‹РјРё РїР»РѕСЃРєРёРјРё СѓРґР°СЂР°РјРё. Р›СЋР±РѕР№ Р»РµС‚СЏС‰РёР№ РІС‹С€Рµ СЃРµС‚РєРё РІРѕР»Р°РЅ РіР°СЃРёС‚СЊ СѓРґР°СЂРѕРј СЃРІРµСЂС…Сѓ.\r\nРЎ Р·Р°РґРЅРµР№ Р»РёРЅРёРё РІРѕР·РјРѕР¶РЅРѕСЃС‚СЊ РґР»СЏ СЌС„С„РµРєС‚РёРІРЅРѕР№ Р°С‚Р°РєРё Сѓ РїСЂРѕС‚РёРІРЅРёРєР° СѓРјРµРЅСЊС€Р°РµС‚СЃСЏ.\r\nР•СЃР»Рё РїСЂРѕРёРіСЂР°Р»Рё РїР°СЂС‚РёСЋ, С‚Рѕ РІ СЃР»РµРґСѓСЋС‰РµР№ С…РѕСЂРѕС€Рѕ РїСЂРёР±Р°РІРёС‚СЊ СЃРєРѕСЂРѕСЃС‚СЊ - РїРѕРІС‹СЃРёС‚СЃСЏ РєРѕР»РёС‡РµСЃС‚РІРѕ РЅР°РїР°РґР°СЋС‰РёС… СѓРґР°СЂРѕРІ.\r\nР•СЃР»Рё Р’С‹ РІРµРґРµС‚Рµ РІ СЃС‡РµС‚Рµ, СѓСЃРёР»СЊС‚Рµ С‚РµРјРї РёРіСЂС‹ - СЌС‚Рѕ РїРѕРјРµС€Р°РµС‚ СЃРѕРїРµСЂРЅРёРєСѓ СЃРѕСЃСЂРµРґРѕС‚РѕС‡РёС‚СЊСЃСЏ.', 'a', 1, '05:24 07.06.15'),
(22, '&rarr;Р‘Р°РґРјРёРЅС‚РѕРЅ', 'Р‘Р°РґРјРёРЅС‚РѕМЃРЅ (Р°РЅРіР». badminton, РѕС‚ РЅР°Р·РІР°РЅРёСЏ РіРѕСЂРѕРґР° Р‘Р°РґРјРёРЅС‚РѕРЅ, Badminton, РІ Р’РµР»РёРєРѕР±СЂРёС‚Р°РЅРёРё) вЂ” СЃРїРѕСЂС‚РёРІРЅР°СЏ РёРіСЂР° СЃ РІРѕР»Р°РЅРѕРј Рё СЂР°РєРµС‚РєР°РјРё РЅР° РїР»РѕС‰Р°РґРєРµ 13,40 РЅР° 6,10 Рј, СЂР°Р·РґРµР»РµРЅРЅРѕР№ РїРѕРїРѕР»Р°Рј СЃРµС‚РєРѕР№ (РІС‹СЃРѕС‚Р° 1,55 Рј). Р’ РњРµР¶РґСѓРЅР°СЂРѕРґРЅРѕР№ С„РµРґРµСЂР°С†РёРё Р±Р°РґРјРёРЅС‚РѕРЅР° (IBF; РѕСЃРЅРѕРІР°РЅР° РІ 1934) 147 РЅР°С†РёРѕРЅР°Р»СЊРЅС‹С… С„РµРґРµСЂР°С†РёР№ (2002). РЎ 1977 РіРѕРґР° РїСЂРѕРІРѕРґСЏС‚СЃСЏ С‡РµРјРїРёРѕРЅР°С‚С‹ РјРёСЂР°, СЃ 1968 вЂ” Р•РІСЂРѕРїС‹.', 'Р‘Р°РґРјРёРЅС‚РѕМЃРЅ (Р°РЅРіР». badminton, РѕС‚ РЅР°Р·РІР°РЅРёСЏ РіРѕСЂРѕРґР° Р‘Р°РґРјРёРЅС‚РѕРЅ, Badminton, РІ Р’РµР»РёРєРѕР±СЂРёС‚Р°РЅРёРё) вЂ” СЃРїРѕСЂС‚РёРІРЅР°СЏ РёРіСЂР° СЃ РІРѕР»Р°РЅРѕРј Рё СЂР°РєРµС‚РєР°РјРё РЅР° РїР»РѕС‰Р°РґРєРµ 13,40 РЅР° 6,10 Рј, СЂР°Р·РґРµР»РµРЅРЅРѕР№ РїРѕРїРѕР»Р°Рј СЃРµС‚РєРѕР№ (РІС‹СЃРѕС‚Р° 1,55 Рј). Р’ РњРµР¶РґСѓРЅР°СЂРѕРґРЅРѕР№ С„РµРґРµСЂР°С†РёРё Р±Р°РґРјРёРЅС‚РѕРЅР° (IBF; РѕСЃРЅРѕРІР°РЅР° РІ 1934) 147 РЅР°С†РёРѕРЅР°Р»СЊРЅС‹С… С„РµРґРµСЂР°С†РёР№ (2002). РЎ 1977 РіРѕРґР° РїСЂРѕРІРѕРґСЏС‚СЃСЏ С‡РµРјРїРёРѕРЅР°С‚С‹ РјРёСЂР°, СЃ 1968 вЂ” Р•РІСЂРѕРїС‹. Р’ РїСЂРѕРіСЂР°РјРјРµ РћР»РёРјРїРёР№СЃРєРёС… РёРіСЂ СЃ 1992 РіРѕРґР° (СЂР°Р·С‹РіСЂС‹РІР°СЋС‚СЃСЏ 4 РєРѕРјРїР»РµРєС‚Р° РјРµРґР°Р»РµР№ РІ РѕРґРёРЅРѕС‡РЅРѕРј Рё РїР°СЂРЅРѕРј СЂР°Р·СЂСЏРґР°С… СЃСЂРµРґРё РјСѓР¶С‡РёРЅ Рё Р¶РµРЅС‰РёРЅ; СЃ 1996 РґРѕРїРѕР»РЅРёС‚РµР»СЊРЅРѕ РІРІРµРґРµРЅ СЃРјРµС€Р°РЅРЅС‹Р№ СЂР°Р·СЂСЏРґ). Р’ 1967 СѓС‡СЂРµР¶РґРµРЅР° Р•РІСЂРѕРїРµР№СЃРєР°СЏ С„РµРґРµСЂР°С†РёСЏ Р±Р°РґРјРёРЅС‚РѕРЅР°. РЎРёР»СЊРЅРµР№С€РёРјРё СЃРїРѕСЂС‚СЃРјРµРЅР°РјРё РІ СЌС‚РѕРј РІРёРґРµ СЃРїРѕСЂС‚Р° СЏРІР»СЏСЋС‚СЃСЏ РєРёС‚Р°Р№СЃРєРёРµ, РєРѕСЂРµР№СЃРєРёРµ Рё РёРЅРґРѕРЅРµР·РёР№СЃРєРёРµ Р±Р°РґРјРёРЅС‚РѕРЅРёСЃС‚С‹.\r\nРЎРѕРІСЂРµРјРµРЅРЅС‹Р№ СЃРїРѕСЂС‚РёРІРЅС‹Р№ Р±Р°РґРјРёРЅС‚РѕРЅ Р±РµСЂРµС‚ СЃРІРѕРµ РЅР°С‡Р°Р»Рѕ РѕС‚ РёРЅРґРёР№СЃРєРѕР№ РёРіСЂС‹ В«РїСѓРЅСЌВ». Р’ Р•РІСЂРѕРїРµ Р±Р°РґРјРёРЅС‚РѕРЅ РїРѕСЏРІРёР»СЃСЏ РІ 1872, РєРѕРіРґР° Р°РЅРіР»РёР№СЃРєРёР№ РіРµСЂС†РѕРі Р‘РѕС„РѕСЂС‚ РїСЂРёРІРµР· РёР· Р?РЅРґРёРё СЂР°РєРµС‚РєРё Рё РјСЏС‡ СЃ РїРµСЂСЊСЏРјРё РІ СЃРІРѕРµ РїРѕРјРµСЃС‚СЊРµ Р‘Р°РґРјРёРЅС‚РѕРЅ РІ Р“Р»РѕСЃС‚РµСЂС€РёСЂРµ, РіРґРµ РёРіСЂСѓ СЃ РІРѕР»Р°РЅРѕРј РїСЂРѕРґРµРјРѕРЅСЃС‚СЂРёСЂРѕРІР°Р»Р° РіСЂСѓРїРїР° РѕС„РёС†РµСЂРѕРІ Р°РЅРіР»РёР№СЃРєРёС… РєРѕР»РѕРЅРёР°Р»СЊРЅС‹С… РІРѕР№СЃРє. Р’ 1887 РіРѕРґСѓ РІ РђРЅРіР»РёРё Р±С‹Р» СЃРѕР·РґР°РЅ РїРµСЂРІС‹Р№ РєР»СѓР± Р»СЋР±РёС‚РµР»РµР№ Р±Р°РґРјРёРЅС‚РѕРЅР°, Р° РІ 1893 РѕСЃРЅРѕРІР°РЅР° РїРµСЂРІР°СЏ РІ РјРёСЂРµ РђСЃСЃРѕС†РёР°С†РёСЏ Р±Р°РґРјРёРЅС‚РѕРЅР°.\r\nР Р°Р·РјРµСЂС‹ РїРѕР»СЏ Р·РЅР°С‡РёС‚РµР»СЊРЅРѕ РѕС‚Р»РёС‡Р°Р»РёСЃСЊ РІ Р·Р°РІРёСЃРёРјРѕСЃС‚Рё РѕС‚ С‚РѕРіРѕ, РІ РєР°РєРѕР№ РјРµСЃС‚РЅРѕСЃС‚Рё РїСЂРѕРёСЃС…РѕРґРёР»Р° РёРіСЂР°. РЎР°РјС‹Рј РїРѕРїСѓР»СЏСЂРЅС‹Рј Р±С‹Р» РєРѕСЂС‚ РІ Р“РІРёР»С„РѕСЂРґРµ, СЂР°Р·РјРµСЂС‹ РєРѕС‚РѕСЂРѕРіРѕ СЃРѕСЃС‚Р°РІР»СЏР»Рё 44 РЅР° 20 С„СѓС‚РѕРІ (13,4012 РЅР° 6,096 Рј). Р’ 1905 Р°РЅРіР»РёР№СЃРєР°СЏ Р¤РµРґРµСЂР°С†РёСЏ Р±Р°РґРјРёРЅС‚РѕРЅР° СѓС‚РІРµСЂРґРёР»Р° РїСЂР°РІРёР»Р° РёРіСЂС‹. Р’ РЈРёРјР±Р»РґРѕРЅРµ СЃС‚Р°Р»Рѕ РµР¶РµРіРѕРґРЅРѕ СЂР°Р·С‹РіСЂС‹РІР°С‚СЊСЃСЏ РѕС‚РєСЂС‹С‚РѕРµ РїРµСЂРІРµРЅСЃС‚РІРѕ РђРЅРіР»РёРё РїРѕ Р±Р°РґРјРёРЅС‚РѕРЅСѓ. Р‘РѕР»СЊС€РёРЅСЃС‚РІРѕ СЃС‚СЂР°РЅ, РѕР±СЂР°Р·РѕРІР°РІС€РёС… 5 РёСЋР»СЏ 1934 РњРµР¶РґСѓРЅР°СЂРѕРґРЅСѓСЋ С„РµРґРµСЂР°С†РёСЋ Р±Р°РґРјРёРЅС‚РѕРЅР° (Р?Р‘Р¤), РІС…РѕРґРёР»Рѕ РІ Р±С‹РІС€СѓСЋ Р‘СЂРёС‚Р°РЅСЃРєСѓСЋ РёРјРїРµСЂРёСЋ.\r\nРќР°СЂСЏРґСѓ СЃ С‡РµРјРїРёРѕРЅР°С‚Р°РјРё РјРёСЂР° Рё Р•РІСЂРѕРїС‹ Р?Р‘Р¤ РїСЂРѕРІРѕРґРёС‚ СЂРѕР·С‹РіСЂС‹С€Рё РљСѓР±РєР° РўРѕРјР°СЃР° (РїРѕ РёРјРµРЅРё Р±С‹РІС€РµРіРѕ РїСЂРµР·РёРґРµРЅС‚Р° Р?Р‘Р¤) СЃСЂРµРґРё РЅР°С†РёРѕРЅР°Р»СЊРЅС‹С… РјСѓР¶СЃРєРёС… РєРѕРјР°РЅРґ Рё РљСѓР±РєР° РЈР±РµСЂ (РїРѕ РёРјРµРЅРё РёР·РІРµСЃС‚РЅРѕР№ РґРµСЏС‚РµР»СЊРЅРёС†С‹ Р?Р‘Р¤) СЃСЂРµРґРё РЅР°С†РёРѕРЅР°Р»СЊРЅС‹С… Р¶РµРЅСЃРєРёС… РєРѕРјР°РЅРґ. РљСѓР±РѕРє РўРѕРјР°СЃР° СЂР°Р·С‹РіСЂС‹РІР°РµС‚СЃСЏ СЃ 1948 РѕРґРёРЅ СЂР°Р· РІ С‚СЂРё РіРѕРґР°. РЎРѕСЂРµРІРЅРѕРІР°РЅРёСЏ РЅР° РљСѓР±РѕРє РЈР±РµСЂ РїСЂРѕРІРѕРґСЏС‚СЃСЏ СЃ 1956 С‚Р°РєР¶Рµ СЂР°Р· РІ С‚СЂРё РіРѕРґР°.\r\nР’ Р РѕСЃСЃРёРё Р±Р°РґРјРёРЅС‚РѕРЅ РїРѕСЏРІРёР»СЃСЏ РІ 1957, РєРѕРіРґР° РїСЂРµРґСЃС‚Р°РІРёС‚РµР»Рё РЎРЎРЎР  РЅР° Р’СЃРµРјРёСЂРЅРѕРј С„РµСЃС‚РёРІР°Р»Рµ РјРѕР»РѕРґРµР¶Рё Рё СЃС‚СѓРґРµРЅС‚РѕРІ РІ РњРѕСЃРєРІРµ РІРїРµСЂРІС‹Рµ РІСЃС‚СЂРµС‚РёР»РёСЃСЊ СЃ Р·Р°СЂСѓР±РµР¶РЅС‹РјРё Р±Р°РґРјРёРЅС‚РѕРЅРёСЃС‚Р°РјРё. Р’ 1959 Р±С‹Р» РїСЂРѕРІРµРґРµРЅ РїРµСЂРІС‹Р№ Р»РёС‡РЅС‹Р№ С‡РµРјРїРёРѕРЅР°С‚ РњРѕСЃРєРІС‹ (С‡РµРјРїРёРѕРЅР°РјРё СЃС‚Р°Р»Рё Р’. Р”РµРјРёРЅ Рё РЎ. Р—Р°РјСѓСЂСѓРµРІР°), РІ 1960 вЂ” РїРµСЂРІС‹Р№ РјРµР¶РґСѓРіРѕСЂРѕРґРЅС‹Р№ РјР°С‚С‡ РњРѕСЃРєРІР° вЂ” Р›СЊРІРѕРІ. Р’ 1963 РіРѕРґСѓ РІ РњРѕСЃРєРІРµ СЃРѕСЃС‚РѕСЏР»СЃСЏ РїРµСЂРІС‹Р№ С‡РµРјРїРёРѕРЅР°С‚ СЃС‚СЂР°РЅС‹, РЅР° РєРѕС‚РѕСЂРѕРј Р·РІР°РЅРёРµ С‡РµРјРїРёРѕРЅРѕРІ Р·Р°РІРѕРµРІР°Р»Рё Рњ. Р—Р°СЂСѓР±Рѕ (Р–СѓРєРѕРІСЃРєРёР№) Рё Рќ. РЎРѕРєРѕР»РѕРІ (РњРѕСЃРєРІР°). Р’ 1974 РЎРЎРЎР  РІСЃС‚СѓРїРёР» РІ РњРµР¶РґСѓРЅР°СЂРѕРґРЅСѓСЋ С„РµРґРµСЂР°С†РёСЋ Р±Р°РґРјРёРЅС‚РѕРЅР°. Р’ 1977 РІРїРµСЂРІС‹Рµ РїСЂРѕРІРµРґРµРЅ РѕС„РёС†РёР°Р»СЊРЅС‹Р№ РјРµР¶РґСѓРЅР°СЂРѕРґРЅС‹Р№ С‚СѓСЂРЅРёСЂ РЅР° РљСѓР±РѕРє Р“РµР»СЊРІРµС†РёРё (РґСЂРµРІРЅРµРµ РЅР°Р·РІР°РЅРёРµ РЁРІРµР№С†Р°СЂРёРё), Р·Р°РІРµСЂС€РёРІС€РёР№СЃСЏ РїРѕР±РµРґРѕР№ СЃРѕРІРµС‚СЃРєРѕР№ РєРѕРјР°РЅРґС‹. Р’СЃРµСЂРѕСЃСЃРёР№СЃРєР°СЏ С„РµРґРµСЂР°С†РёСЏ Р±Р°РґРјРёРЅС‚РѕРЅР° Р±С‹Р»Р° РѕСЃРЅРѕРІР°РЅР° РІ 1992 РіРѕРґСѓ, РѕРЅР° РѕР±СЉРµРґРёРЅСЏРµС‚ СЃРїРѕСЂС‚РёРІРЅС‹Рµ РѕСЂРіР°РЅРёР·Р°С†РёРё 46 СЃСѓР±СЉРµРєС‚РѕРІ Р РѕСЃСЃРёР№СЃРєРѕР№ Р¤РµРґРµСЂР°С†РёРё. Р¤РµРґРµСЂР°С†РёСЏ СЏРІР»СЏРµС‚СЃСЏ РѕРґРЅРёРј РёР· РѕСЂРіР°РЅРёР·Р°С‚РѕСЂРѕРІ С‚СЂР°РґРёС†РёРѕРЅРЅРѕРіРѕ РњРµР¶РґСѓРЅР°СЂРѕРґРЅРѕРіРѕ С‚СѓСЂРЅРёСЂР° РјРёСЂРѕРІРѕР№ СЃРµСЂРёРё Р“СЂР°РЅ-РїСЂРё В«Russian OpenВ».', 'a', 1, '05:24 07.06.15');

-- --------------------------------------------------------

--
-- Структура таблицы `comments`
--

CREATE TABLE IF NOT EXISTS `comments` (
  `id` int(10) NOT NULL AUTO_INCREMENT,
  `date` varchar(100) COLLATE cp1251_general_cs NOT NULL,
  `text` text COLLATE cp1251_general_cs NOT NULL,
  `page_id` int(11) NOT NULL,
  `user_id` int(11) NOT NULL,
  PRIMARY KEY (`id`),
  KEY `page_id` (`page_id`),
  KEY `user_id` (`user_id`)
) ENGINE=InnoDB  DEFAULT CHARSET=cp1251 COLLATE=cp1251_general_cs AUTO_INCREMENT=39 ;

--
-- Дамп данных таблицы `comments`
--

INSERT INTO `comments` (`id`, `date`, `text`, `page_id`, `user_id`) VALUES
(6, '02:11 11.05.15', 'asdasd', 3, 2),
(7, '02:11 11.05.15', 'sadadad', 3, 2),
(8, '02:11 11.05.15', 'safasf sf af ', 3, 2),
(9, '02:11 11.05.15', 'safasf sf af ', 3, 2),
(10, '02:19 11.05.15', 'asdasdasd', 3, 2),
(13, '02:39 11.05.15', '213', 3, 2),
(14, '02:40 11.05.15', '13123adasdasd', 3, 2),
(15, '02:41 11.05.15', 'ewfewfwf', 3, 2),
(16, '02:44 11.05.15', 'fgdgdfg dfg ', 3, 2),
(17, '02:45 11.05.15', 'asdasd', 3, 2),
(18, '02:46 11.05.15', 'Hello', 3, 2),
(19, '03:43 11.05.15', 'bla bla bla', 2, 3),
(20, '04:29 07.06.15', 'sadkljsalkj \r\nsadasda', 2, 2),
(21, '04:29 07.06.15', 'ngngfhg', 2, 2),
(22, '05:27 07.06.15', 'РјРѕР»РѕРґС†С‹! С‚Р°Рє РґРµСЂР¶Р°С‚СЊ!!))', 9, 2),
(23, '05:28 07.06.15', 'РњРѕР»РѕРґРµС†!', 10, 2),
(29, '05:32 07.06.15', 'РљСЂСѓС‚Рѕ!', 9, 2),
(30, '05:33 07.06.15', 'РљР»Р°СЃСЃ!', 9, 2),
(31, '05:33 07.06.15', 'РљСЂР°СЃР°РІР°!', 10, 2),
(32, '05:33 07.06.15', 'РЈСЂР°!', 12, 2);

-- --------------------------------------------------------

--
-- Структура таблицы `pics`
--

CREATE TABLE IF NOT EXISTS `pics` (
  `pic_id` int(11) NOT NULL AUTO_INCREMENT,
  `pic_path` text COLLATE cp1251_general_cs NOT NULL,
  `pic_thumb` text COLLATE cp1251_general_cs NOT NULL,
  PRIMARY KEY (`pic_id`)
) ENGINE=InnoDB  DEFAULT CHARSET=cp1251 COLLATE=cp1251_general_cs AUTO_INCREMENT=14 ;

--
-- Дамп данных таблицы `pics`
--

INSERT INTO `pics` (`pic_id`, `pic_path`, `pic_thumb`) VALUES
(5, '/img/photo/file-1433686408.jpg', '/img/photo/thumbs/thumb-file-1433686408.jpg'),
(6, '/img/photo/file-1433686419.jpg', '/img/photo/thumbs/thumb-file-1433686419.jpg'),
(7, '/img/photo/file-1433686430.jpg', '/img/photo/thumbs/thumb-file-1433686430.jpg'),
(8, '/img/photo/file-1433686440.jpg', '/img/photo/thumbs/thumb-file-1433686440.jpg'),
(9, '/img/photo/file-1433686450.jpg', '/img/photo/thumbs/thumb-file-1433686450.jpg'),
(10, '/img/photo/file-1433686487.jpg', '/img/photo/thumbs/thumb-file-1433686487.jpg'),
(11, '/img/photo/file-1433686494.jpg', '/img/photo/thumbs/thumb-file-1433686494.jpg'),
(12, '/img/photo/file-1433686508.jpg', '/img/photo/thumbs/thumb-file-1433686508.jpg'),
(13, '/img/photo/file-1433686589.jpg', '/img/photo/thumbs/thumb-file-1433686589.jpg');

-- --------------------------------------------------------

--
-- Структура таблицы `users`
--

CREATE TABLE IF NOT EXISTS `users` (
  `user_id` int(10) NOT NULL AUTO_INCREMENT,
  `user_login` varchar(15) COLLATE cp1251_general_cs NOT NULL,
  `user_email` varchar(20) COLLATE cp1251_general_cs NOT NULL,
  `user_pass` varchar(15) COLLATE cp1251_general_cs NOT NULL,
  `user_priv` enum('a','m','u') COLLATE cp1251_general_cs NOT NULL,
  PRIMARY KEY (`user_id`),
  UNIQUE KEY `user_login` (`user_login`,`user_email`)
) ENGINE=InnoDB  DEFAULT CHARSET=cp1251 COLLATE=cp1251_general_cs AUTO_INCREMENT=13 ;

--
-- Дамп данных таблицы `users`
--

INSERT INTO `users` (`user_id`, `user_login`, `user_email`, `user_pass`, `user_priv`) VALUES
(1, 'admin', 'admin@mail.ua', 'admin', 'a'),
(2, 'user', 'user@mail.ua', 'user', 'u'),
(3, 'moder', 'moder@mail.ua', 'moder', 'm'),
(4, 'test', 'test@mail.ru', '123456', 'u'),
(6, 'test1', 'test1@mail.ru', '123456', 'u'),
(8, 'test2', 'test2@mail.ru', '123456', 'u'),
(9, 'test3', 'test3@mail.ru', '123456', 'u'),
(10, 'temp', 'temp1@temp.ua', 'qwerty', 'u'),
(11, 'user2', 'pochta@mail.ru', '123123', 'u'),
(12, 'badm_user', 'badm@user.ru', '123123', 'u');

--
-- Ограничения внешнего ключа сохраненных таблиц
--

--
-- Ограничения внешнего ключа таблицы `articles`
--
ALTER TABLE `articles`
  ADD CONSTRAINT `articles_ibfk_1` FOREIGN KEY (`user_id`) REFERENCES `users` (`user_id`);

--
-- Ограничения внешнего ключа таблицы `comments`
--
ALTER TABLE `comments`
  ADD CONSTRAINT `comments_ibfk_2` FOREIGN KEY (`page_id`) REFERENCES `users` (`user_id`),
  ADD CONSTRAINT `comments_ibfk_3` FOREIGN KEY (`user_id`) REFERENCES `users` (`user_id`);

/*!40101 SET CHARACTER_SET_CLIENT=@OLD_CHARACTER_SET_CLIENT */;
/*!40101 SET CHARACTER_SET_RESULTS=@OLD_CHARACTER_SET_RESULTS */;
/*!40101 SET COLLATION_CONNECTION=@OLD_COLLATION_CONNECTION */;
